"Nr okręgu";"Pozycja na liście";"Nazwisko i imiona";"Nazwa komitetu";"Płeć";"Zawód";"Miejsce zamieszkania";"TERYT m. z.";"Gmina m. z.";"Przynależność do partii";"Poparcie";"Liczba głosów";"Procent głosów oddanych w okręgu";"Czy przyznano mandat"
1;;"Kamil Sebastian BARCZYK";"KOMITET WYBORCZY BEZPARTYJNI SAMORZĄDOWCY";"Mężczyzna";"kierownik podmiotu leczniczego";"Zgorzelec";"022502";"m. Zgorzelec";"nie należy do partii politycznej";"";;;
1;;"Waldemar Włodzimierz WITKOWSKI";"KOMITET WYBORCZY NOWA LEWICA";"Mężczyzna";"inż. elektromechanik";"Poznań";"306401";"m. Poznań";"członek partii politycznej: Unia Pracy";"";;;
1;;"Rafał Józef ŚLUSARZ";"KOMITET WYBORCZY PRAWO I SPRAWIEDLIWOŚĆ";"Mężczyzna";"lekarz";"Gryfów Śląski";"021201";"gm. Gryfów Śląski";"członek partii politycznej: Prawo i Sprawiedliwość";"";;;
2;;"Damian MISZTELA";"KOMITET WYBORCZY WYBORCÓW NASZA LEWICA";"Mężczyzna";"handlowiec";"Piechowice";"020603";"m. Piechowice";"nie należy do partii politycznej";"";;;
2;;"Krzysztof Stanisław MRÓZ";"KOMITET WYBORCZY PRAWO I SPRAWIEDLIWOŚĆ";"Mężczyzna";"parlamentarzysta";"Jelenia Góra";"026101";"m. Jelenia Góra";"członek partii politycznej: Prawo i Sprawiedliwość";"";;;
2;;"Marek Adam OBRĘBALSKI";"KOMITET WYBORCZY BEZPARTYJNI SAMORZĄDOWCY";"Mężczyzna";"ekonomista";"Jelenia Góra";"026101";"m. Jelenia Góra";"nie należy do partii politycznej";"";;;
2;;"Robert Sebastian PAWELCZYK";"KOMITET WYBORCZY POLSKA 2050";"Mężczyzna";"kierownik działu logistyki";"Jelenia Góra";"026101";"m. Jelenia Góra";"nie należy do partii politycznej";"";;;
2;;"Patryk Piotr STRAUS";"KOMITET WYBORCZY NOWA DEMOKRACJA - TAK";"Mężczyzna";"politolog";"Pisarzowice";"020702";"gm. Kamienna Góra";"członek partii politycznej: Nowa Demokracja-Tak";"";;;
2;;"Marcin Edward ZAWIŁA";"KOALICYJNY KOMITET WYBORCZY KOALICJA OBYWATELSKA PO .N IPL ZIELONI";"Mężczyzna";"historyk";"Jelenia Góra";"026101";"m. Jelenia Góra";"członek partii politycznej: Platforma Obywatelska RP";"";;;
3;;"Dorota CZUDOWSKA";"KOMITET WYBORCZY PRAWO I SPRAWIEDLIWOŚĆ";"Kobieta";"lekarz medycyny";"Legnica";"026201";"m. Legnica";"członek partii politycznej: Prawo i Sprawiedliwość";"";;;
3;;"Krzysztof Piotr JASIŃSKI";"KOMITET WYBORCZY KONFEDERACJA WOLNOŚĆ I NIEPODLEGŁOŚĆ";"Mężczyzna";"ekonomista";"Glinica";"020306";"gm. Żukowice";"członek partii politycznej: Ruch Narodowy";"";;;
3;;"Tymoteusz Dominik MYRDA";"KOMITET WYBORCZY BEZPARTYJNI SAMORZĄDOWCY";"Mężczyzna";"radca prawny";"Lubin";"021101";"m. Lubin";"członek partii politycznej: Bezpartyjni Samorządowcy-Łączy nas Polska";"";;;
3;;"Małgorzata Helena SEKUŁA-SZMAJDZIŃSKA";"KOMITET WYBORCZY NOWA LEWICA";"Kobieta";"prawniczka";"Warszawa";"146516";"Wilanów";"członek partii politycznej: Nowa Lewica";"";;;
4;;"Agnieszka Maria KOŁACZ-LESZCZYŃSKA";"KOALICYJNY KOMITET WYBORCZY KOALICJA OBYWATELSKA PO .N IPL ZIELONI";"Kobieta";"urzędnik samorządowy";"Wałbrzych";"026501";"m. Wałbrzych";"członek partii politycznej: Platforma Obywatelska RP";"";;;
4;;"Piotr LUDKOWSKI";"KOMITET WYBORCZY KONFEDERACJA WOLNOŚĆ I NIEPODLEGŁOŚĆ";"Mężczyzna";"przedsiębiorca";"Tąpadła";"021905";"gm. Marcinowice";"członek partii politycznej: Ruch Narodowy";"";;;
4;;"Renata Teresa WIERZBICKA";"KOMITET WYBORCZY PRAWO I SPRAWIEDLIWOŚĆ";"Kobieta";"pracownik administracyjny";"Wałbrzych";"026501";"m. Wałbrzych";"nie należy do partii politycznej";"";;;
5;;"Andrzej DYSZEWSKI";"KOMITET WYBORCZY WYBORCÓW POROZUMIENIE OBYWATELSKIE";"Mężczyzna";"nauczyciel akademicki";"Bielawa";"020201";"m. Bielawa";"nie należy do partii politycznej";"";;;
5;;"Paweł Jarosław GANCARZ";"KOALICYJNY KOMITET WYBORCZY TRZECIA DROGA POLSKA 2050 SZYMONA HOŁOWNI - POLSKIE STRONNICTWO LUDOWE";"Mężczyzna";"wójt";"Stoszowice";"022404";"gm. Stoszowice";"członek partii politycznej: Polskie Stronnictwo Ludowe";"";;;
5;;"Sebastian Mariusz GRZYB";"KOMITET WYBORCZY POLSKA 2050";"Mężczyzna";"ekonomista";"Wilkanów";"020806";"gm. Bystrzyca Kłodzka";"nie należy do partii politycznej";"";;;
5;;"Patryk Damian HAŁACZKIEWICZ";"KOMITET WYBORCZY NOWA DEMOKRACJA - TAK";"Mężczyzna";"politolog";"Wrocław";"026401";"m. Wrocław";"nie należy do partii politycznej";"";;;
5;;"Marzanna Irena LESZCZYŃSKA";"KOMITET WYBORCZY BEZPARTYJNI SAMORZĄDOWCY";"Kobieta";"menedżer restauracji";"Ząbkowice Śląskie";"022405";"gm. Ząbkowice Śląskie";"nie należy do partii politycznej";"";;;
5;;"Jan Tadeusz POKRYWKA";"KOMITET WYBORCZY KONFEDERACJA WOLNOŚĆ I NIEPODLEGŁOŚĆ";"Mężczyzna";"lekarz";"Szalejów Górny";"020807";"gm. Kłodzko";"członek partii politycznej: Konfederacja Wolność i Niepodległość";"";;;
5;;"Aleksander Jakub SZWED";"KOMITET WYBORCZY PRAWO I SPRAWIEDLIWOŚĆ";"Mężczyzna";"parlamentarzysta";"Radków";"020812";"gm. Radków";"członek partii politycznej: Prawo i Sprawiedliwość";"";;;
6;;"Jarosław Wojciech OBREMSKI";"KOMITET WYBORCZY PRAWO I SPRAWIEDLIWOŚĆ";"Mężczyzna";"chemik";"Wrocław";"026401";"m. Wrocław";"nie należy do partii politycznej";"";;;
6;;"Michał Marcin RADO";"KOMITET WYBORCZY BEZPARTYJNI SAMORZĄDOWCY";"Mężczyzna";"politolog";"Bystrzyca";"021504";"gm. Oława";"członek partii politycznej: Bezpartyjni Samorządowcy-Łączy nas Polska";"";;;
6;;"Kazimierz Michał UJAZDOWSKI";"KOALICYJNY KOMITET WYBORCZY TRZECIA DROGA POLSKA 2050 SZYMONA HOŁOWNI - POLSKIE STRONNICTWO LUDOWE";"Mężczyzna";"nauczyciel akademicki";"Izabelin";"143202";"gm. Izabelin";"członek partii politycznej: Centrum dla Polski";"";;;
7;;"Marcin Rafał KRZYŻANOWSKI";"KOMITET WYBORCZY PRAWO I SPRAWIEDLIWOŚĆ";"Mężczyzna";"przedstawiciel władzy samorządowej";"Wrocław";"026401";"m. Wrocław";"członek partii politycznej: Prawo i Sprawiedliwość";"";;;
7;;"Grzegorz Juliusz SCHETYNA";"KOALICYJNY KOMITET WYBORCZY KOALICJA OBYWATELSKA PO .N IPL ZIELONI";"Mężczyzna";"parlamentarzysta";"Wrocław";"026401";"m. Wrocław";"członek partii politycznej: Platforma Obywatelska RP";"";;;
7;;"Gaja Gabriela TYRALSKA";"KOMITET WYBORCZY BEZPARTYJNI SAMORZĄDOWCY";"Kobieta";"muzykolog";"Wrocław";"026401";"m. Wrocław";"nie należy do partii politycznej";"";;;
8;;"Małgorzata Maria CALIŃSKA-MAYER";"KOMITET WYBORCZY PRAWO I SPRAWIEDLIWOŚĆ";"Kobieta";"zawodowy działacz organizacji związkowych";"Wrocław";"026401";"m. Wrocław";"członek partii politycznej: Prawo i Sprawiedliwość";"";;;
8;;"Jerzy Andrzej MICHALAK";"KOMITET WYBORCZY BEZPARTYJNI SAMORZĄDOWCY";"Mężczyzna";"adwokat";"Wrocław";"026401";"m. Wrocław";"nie należy do partii politycznej";"";;;
8;;"Barbara Grażyna ZDROJEWSKA";"KOALICYJNY KOMITET WYBORCZY KOALICJA OBYWATELSKA PO .N IPL ZIELONI";"Kobieta";"kulturoznawca";"Wrocław";"026401";"m. Wrocław";"członek partii politycznej: Platforma Obywatelska RP";"";;;
9;;"Krystyna Anna JAROCKA";"KOMITET WYBORCZY KONFEDERACJA WOLNOŚĆ I NIEPODLEGŁOŚĆ";"Kobieta";"inżynier elektronik";"Bydgoszcz";"046101";"m. Bydgoszcz";"członek partii politycznej: Konfederacja Korony Polskiej";"";;;
9;;"Radosław Grzegorz KEMPINSKI";"KOMITET WYBORCZY PRAWO I SPRAWIEDLIWOŚĆ";"Mężczyzna";"pracownik administracji rządowej";"Szczutki";"040307";"gm. Sicienko";"członek partii politycznej: Prawo i Sprawiedliwość";"";;;
9;;"Andrzej KOBIAK";"KOALICYJNY KOMITET WYBORCZY KOALICJA OBYWATELSKA PO .N IPL ZIELONI";"Mężczyzna";"przedsiębiorca";"Tuchola";"041606";"gm. Tuchola";"członek partii politycznej: Platforma Obywatelska RP";"";;;
10;;"Mikołaj BOGDANOWICZ";"KOMITET WYBORCZY PRAWO I SPRAWIEDLIWOŚĆ";"Mężczyzna";"pracownik administracji rządowej";"Bródzki";"040706";"gm. Kruszwica";"członek partii politycznej: Prawo i Sprawiedliwość";"";;;
10;;"Ryszard Franciszek BREJZA";"KOALICYJNY KOMITET WYBORCZY KOALICJA OBYWATELSKA PO .N IPL ZIELONI";"Mężczyzna";"pracownik samorządowy";"Inowrocław";"040701";"m. Inowrocław";"nie należy do partii politycznej";"";;;
10;;"Jarosław LATAWIEC";"KOMITET WYBORCZY KONFEDERACJA WOLNOŚĆ I NIEPODLEGŁOŚĆ";"Mężczyzna";"ekonomista";"Inowrocław";"040701";"m. Inowrocław";"nie należy do partii politycznej";"";;;
10;;"Sławomir Kazimierz SZELIGA";"KOMITET WYBORCZY BEZPARTYJNI SAMORZĄDOWCY";"Mężczyzna";"lekarz";"Inowrocław";"040701";"m. Inowrocław";"nie należy do partii politycznej";"";;;
10;;"Łukasz Mikołaj WEGNER";"KOMITET WYBORCZY WYBORCÓW EUROPEJSKA LEWICA";"Mężczyzna";"ekonomista";"Inowrocław";"040701";"m. Inowrocław";"nie należy do partii politycznej";"";;;
11;;"Tomasz LENZ";"KOALICYJNY KOMITET WYBORCZY KOALICJA OBYWATELSKA PO .N IPL ZIELONI";"Mężczyzna";"poseł na Sejm RP";"Toruń";"046301";"m. Toruń";"członek partii politycznej: Platforma Obywatelska RP";"";;;
11;;"Maria MAZURKIEWICZ";"KOMITET WYBORCZY PRAWO I SPRAWIEDLIWOŚĆ";"Kobieta";"pracownik administracji rządowej";"Toruń";"046301";"m. Toruń";"członek partii politycznej: Prawo i Sprawiedliwość";"";;;
12;;"Zbigniew ADAMCZYK";"KOMITET WYBORCZY ZWIĄZKU SŁOWIAŃSKIEGO";"Mężczyzna";"handlowiec";"Grudziądz";"046201";"m. Grudziądz";"nie należy do partii politycznej";"";;;
12;;"Ryszard Jakub BOBER";"KOALICYJNY KOMITET WYBORCZY TRZECIA DROGA POLSKA 2050 SZYMONA HOŁOWNI - POLSKIE STRONNICTWO LUDOWE";"Mężczyzna";"magister rolnictwa";"Jabłonowo-Zamek";"040207";"gm. Jabłonowo Pomorskie";"członek partii politycznej: Polskie Stronnictwo Ludowe";"";;;
12;;"Józef Jan RAMLAU";"KOMITET WYBORCZY PRAWO I SPRAWIEDLIWOŚĆ";"Mężczyzna";"historyk";"Dobrzejewice";"041507";"gm. Obrowo";"członek partii politycznej: Prawo i Sprawiedliwość";"";;;
12;;"Adam Krzysztof RYBIŃSKI";"KOMITET WYBORCZY KONFEDERACJA WOLNOŚĆ I NIEPODLEGŁOŚĆ";"Mężczyzna";"pedagog";"Grębocin";"041504";"gm. Lubicz";"członek partii politycznej: Konfederacja Korony Polskiej";"";;;
13;;"Krzysztof Aleksander KUKUCKI";"KOMITET WYBORCZY NOWA LEWICA";"Mężczyzna";"politolog";"Włocławek";"046401";"m. Włocławek";"członek partii politycznej: Nowa Lewica";"";;;
13;;"Jakub Andrzej LISIECKI";"KOMITET WYBORCZY KONFEDERACJA WOLNOŚĆ I NIEPODLEGŁOŚĆ";"Mężczyzna";"nauczyciel akademicki";"Włocławek";"046401";"m. Włocławek";"członek partii politycznej: Konfederacja Nowa Nadzieja";"";;;
13;;"Sławomir Andrzej SKRODZKI";"KOMITET WYBORCZY BEZPARTYJNI SAMORZĄDOWCY";"Mężczyzna";"przedsiębiorca";"Ciechocinek";"040102";"m. Ciechocinek";"nie należy do partii politycznej";"";;;
13;;"Józef Mikołaj ŁYCZAK";"KOMITET WYBORCZY PRAWO I SPRAWIEDLIWOŚĆ";"Mężczyzna";"rolnik";"Wołuszewo";"040104";"gm. Aleksandrów Kujawski";"członek partii politycznej: Prawo i Sprawiedliwość";"";;;
14;;"Stanisław GOGACZ";"KOMITET WYBORCZY PRAWO I SPRAWIEDLIWOŚĆ";"Mężczyzna";"parlamentarzysta";"Lublin";"066301";"m. Lublin";"członek partii politycznej: Prawo i Sprawiedliwość";"";;;
14;;"Artur Adam PIETRAS";"KOMITET WYBORCZY KONFEDERACJA WOLNOŚĆ I NIEPODLEGŁOŚĆ";"Mężczyzna";"mistrz produkcji w przemyśle chemicznym";"Puławy";"061401";"m. Puławy";"członek partii politycznej: Ruch Narodowy";"";;;
14;;"Jan Bogdan RAJCHEL";"KOALICYJNY KOMITET WYBORCZY KOALICJA OBYWATELSKA PO .N IPL ZIELONI";"Mężczyzna";"nauczyciel akademicki nauki humanistyczne";"Krupia Wólka";"141805";"gm. Prażmów";"nie należy do partii politycznej";"";;;
15;;"Grzegorz CZELEJ";"KOMITET WYBORCZY PRAWO I SPRAWIEDLIWOŚĆ";"Mężczyzna";"parlamentarzysta";"Lublin";"066301";"m. Lublin";"członek partii politycznej: Prawo i Sprawiedliwość";"";;;
15;;"Stanisław Jan MAZUR";"KOMITET WYBORCZY NOWA LEWICA";"Mężczyzna";"przedsiębiorca";"Janów Lubelski";"060505";"gm. Janów Lubelski";"członek partii politycznej: Nowa Lewica";"";;;
15;;"Michał WYPYCH";"KOMITET WYBORCZY KONFEDERACJA WOLNOŚĆ I NIEPODLEGŁOŚĆ";"Mężczyzna";"politolog";"Świdnik";"061701";"m. Świdnik";"członek partii politycznej: Konfederacja Nowa Nadzieja";"";;;
16;;"Mieczysław Antoni KONARSKI";"KOMITET WYBORCZY RUCH NAPRAWY POLSKI";"Mężczyzna";"tech. mechanik";"Lublin";"066301";"m. Lublin";"nie należy do partii politycznej";"";;;
16;;"Marcin Andrzej NOWAK";"KOMITET WYBORCZY WYBORCÓW MARCINA NOWAKA";"Mężczyzna";"pracownik naukowy";"Lublin";"066301";"m. Lublin";"członek partii politycznej: Nowa Demokracja-Tak";"";;;
16;;"Mirosław Mariusz PIOTROWSKI";"KOMITET WYBORCZY KONFEDERACJA WOLNOŚĆ I NIEPODLEGŁOŚĆ";"Mężczyzna";"nauczyciel akademcki";"Lublin";"066301";"m. Lublin";"członek partii politycznej: Ruch Prawdziwa Europa - Europa Christi";"";;;
16;;"Lech Stanisław SPRAWKA";"KOMITET WYBORCZY PRAWO I SPRAWIEDLIWOŚĆ";"Mężczyzna";"pracownik administracji rządowej";"Uniszowice";"060908";"gm. Konopnica";"członek partii politycznej: Prawo i Sprawiedliwość";"";;;
16;;"Jacek Szczęsny TRELA";"KOALICYJNY KOMITET WYBORCZY TRZECIA DROGA POLSKA 2050 SZYMONA HOŁOWNI - POLSKIE STRONNICTWO LUDOWE";"Mężczyzna";"adwokat";"Warszawa";"146510";"Śródmieście";"członek partii politycznej: Polska 2050 Szymona Hołowni";"";;;
17;;"Grzegorz Michał BIERECKI";"KOMITET WYBORCZY PRAWO I SPRAWIEDLIWOŚĆ";"Mężczyzna";"ekonomista";"Gdańsk";"226101";"m. Gdańsk";"nie należy do partii politycznej";"";;;
17;;"Marek Artur SULIMA";"KOALICYJNY KOMITET WYBORCZY TRZECIA DROGA POLSKA 2050 SZYMONA HOŁOWNI - POLSKIE STRONNICTWO LUDOWE";"Mężczyzna";"rolnik";"Zasiadki";"060110";"gm. Międzyrzec Podlaski";"członek partii politycznej: Polskie Stronnictwo Ludowe";"";;;
18;;"Jolanta DUDA";"KOMITET WYBORCZY KONFEDERACJA WOLNOŚĆ I NIEPODLEGŁOŚĆ";"Kobieta";"ekonomista";"Chełm";"066201";"m. Chełm";"nie należy do partii politycznej";"";;;
18;;"Kamila GRZYWACZEWSKA";"KOMITET WYBORCZY PRAWO I SPRAWIEDLIWOŚĆ";"Kobieta";"specjalista ochrony środowiska";"Przymiarki";"061905";"gm. Urszulin";"członek partii politycznej: Prawo i Sprawiedliwość";"";;;
18;;"Józef ZAJĄC";"KOMITET WYBORCZY WYBORCÓW JÓZEFA ZAJĄCA";"Mężczyzna";"nauczyciel akademicki";"Stany Nowe";"060507";"gm. Potok Wielki";"członek partii politycznej: Porozumienie";"";;;
19;;"Arkadiusz Tomasz BRATKOWSKI";"KOMITET WYBORCZY WYBORCÓW ZAMOJSZCZYZNY";"Mężczyzna";"pracownik biurowy";"Miączyn Stacja";"062006";"gm. Miączyn";"członek partii politycznej: PSL";"";;;
19;;"Jerzy Mieczysław CHRÓŚCIKOWSKI";"KOMITET WYBORCZY PRAWO I SPRAWIEDLIWOŚĆ";"Mężczyzna";"rolnik";"Białowola";"062014";"gm. Zamość";"członek partii politycznej: Prawo i Sprawiedliwość";"";;;
19;;"Rafał KOWALIK";"KOMITET WYBORCZY BEZPARTYJNI SAMORZĄDOWCY";"Mężczyzna";"pedagog";"Szczebrzeszyn";"062013";"gm. Szczebrzeszyn";"nie należy do partii politycznej";"";;;
19;;"Marek LIPIEC";"KOALICYJNY KOMITET WYBORCZY KOALICJA OBYWATELSKA PO .N IPL ZIELONI";"Mężczyzna";"lekarz medycyny";"Mokre";"062014";"gm. Zamość";"członek partii politycznej: Platforma Obywatelska RP";"";;;
19;;"Marek POZNAŃSKI";"KOMITET WYBORCZY NOWA DEMOKRACJA - TAK";"Mężczyzna";"archeolog";"Hrubieszów";"060401";"m. Hrubieszów";"nie należy do partii politycznej";"";;;
19;;"Dariusz Zbigniew ZAGDAŃSKI";"KOMITET WYBORCZY KONFEDERACJA WOLNOŚĆ I NIEPODLEGŁOŚĆ";"Mężczyzna";"socjolog";"Zamość";"066401";"m. Zamość";"nie należy do partii politycznej";"";;;
20;;"Rafał Zdzisław ADAMCZAK";"KOMITET WYBORCZY BEZPARTYJNI SAMORZĄDOWCY";"Mężczyzna";"ekonomista";"Wilkanowo";"080907";"gm. Świdnica";"nie należy do partii politycznej";"";;;
20;;"Grzegorz Przemysław MAĆKOWIAK";"KOMITET WYBORCZY PRAWO I SPRAWIEDLIWOŚĆ";"Mężczyzna";"nauczyciel";"Zielona Góra";"086201";"m. Zielona Góra";"członek partii politycznej: Prawo i Sprawiedliwość";"";;;
20;;"Mirosław RÓŻAŃSKI";"KOALICYJNY KOMITET WYBORCZY TRZECIA DROGA POLSKA 2050 SZYMONA HOŁOWNI - POLSKIE STRONNICTWO LUDOWE";"Mężczyzna";"żołnierz zawodowy - emerytowany";"Kęszyca Kolonia";"080302";"gm. Międzyrzecz";"nie należy do partii politycznej";"popierany przez partię polityczną: Polska 2050 Szymona Hołowni";;;
21;;"Tomasz JASKUŁA";"KOMITET WYBORCZY BEZPARTYJNI SAMORZĄDOWCY";"Mężczyzna";"informatyk";"Lubniewice";"080702";"gm. Lubniewice";"nie należy do partii politycznej";"";;;
21;;"Władysław KOMARNICKI";"KOALICYJNY KOMITET WYBORCZY KOALICJA OBYWATELSKA PO .N IPL ZIELONI";"Mężczyzna";"menadżer";"Gorzów Wielkopolski";"086101";"m. Gorzów Wielkopolski";"członek partii politycznej: Platforma Obywatelska RP";"";;;
22;;"Tomasz Jacek KŁOSOWSKI";"KOMITET WYBORCZY PRAWO I SPRAWIEDLIWOŚĆ";"Mężczyzna";"prawnik";"Wschowa";"081203";"gm. Wschowa";"członek partii politycznej: Prawo i Sprawiedliwość";"";;;
22;;"Wadim TYSZKIEWICZ";"KOMITET WYBORCZY WYBORCÓW WADIM TYSZKIEWICZ - PAKT SENACKI";"Mężczyzna";"inżynier mechanik";"Nowa Sól";"080401";"m. Nowa Sól";"nie należy do partii politycznej";"";;;
23;;"Artur Jerzy DUNIN";"KOALICYJNY KOMITET WYBORCZY KOALICJA OBYWATELSKA PO .N IPL ZIELONI";"Mężczyzna";"inżynier geodeta";"Łódź";"106101";"m. Łódź";"członek partii politycznej: Platforma Obywatelska RP";"";;;
23;;"Jan TOMASZEWSKI";"KOMITET WYBORCZY PRAWO I SPRAWIEDLIWOŚĆ";"Mężczyzna";"komentator sportowy";"Łódź";"106101";"m. Łódź";"nie należy do partii politycznej";"";;;
24;;"Piotr ADAMCZYK";"KOMITET WYBORCZY PRAWO I SPRAWIEDLIWOŚĆ";"Mężczyzna";"samorządowiec";"Łódź";"106101";"m. Łódź";"członek partii politycznej: Prawo i Sprawiedliwość";"";;;
24;;"Bogusław Piotr CIUPKA";"KOMITET WYBORCZY KONFEDERACJA WOLNOŚĆ I NIEPODLEGŁOŚĆ";"Mężczyzna";"logistyk";"Łódź";"106101";"m. Łódź";"członek partii politycznej: Ruch Narodowy";"";;;
24;;"Krzysztof KWIATKOWSKI";"KOMITET WYBORCZY WYBORCÓW KRZYSZTOF KWIATKOWSKI - PAKT SENACKI";"Mężczyzna";"prawnik";"Łódź";"106101";"m. Łódź";"nie należy do partii politycznej";"";;;
25;;"Przemysław Jacek BŁASZCZYK";"KOMITET WYBORCZY PRAWO I SPRAWIEDLIWOŚĆ";"Mężczyzna";"zootechnik";"Witaszewice";"100403";"gm. Góra Świętej Małgorzaty";"członek partii politycznej: Prawo i Sprawiedliwość";"";;;
25;;"Radosław Władysław GAJDA";"KOMITET WYBORCZY BEZPARTYJNI SAMORZĄDOWCY";"Mężczyzna";"nauczyciel języka obcego";"Zgierz";"102003";"m. Zgierz";"nie należy do partii politycznej";"";;;
25;;"Tadeusz Stanisław GAJDA";"KOALICYJNY KOMITET WYBORCZY TRZECIA DROGA POLSKA 2050 SZYMONA HOŁOWNI - POLSKIE STRONNICTWO LUDOWE";"Mężczyzna";"przedsiębiorca";"Skaratki";"100504";"gm. Domaniewice";"członek partii politycznej: Polskie Stronnictwo Ludowe";"";;;
25;;"Dariusz Andrzej PIGŁOWSKI";"KOMITET WYBORCZY RUCH NAPRAWY POLSKI";"Mężczyzna";"inżynier konstruktor";"Poddębice";"101103";"gm. Poddębice";"nie należy do partii politycznej";"";;;
25;;"Kamil SOBOL";"KOMITET WYBORCZY KONFEDERACJA WOLNOŚĆ I NIEPODLEGŁOŚĆ";"Mężczyzna";"nauczyciel";"Łowicz";"100501";"m. Łowicz";"nie należy do partii politycznej";"";;;
26;;"Klaudia Ewa DOMAGAŁA";"KOMITET WYBORCZY KONFEDERACJA WOLNOŚĆ I NIEPODLEGŁOŚĆ";"Kobieta";"specjalista do spraw księgowości";"Łódź";"106101";"m. Łódź";"członek partii politycznej: Nowa Nadzieja";"";;;
26;;"Marcin KARPIŃSKI";"KOMITET WYBORCZY NOWA LEWICA";"Mężczyzna";"ogrodnik";"Szczawin Duży";"102009";"gm. Zgierz";"członek partii politycznej: Nowa Lewica";"";;;
26;;"Maciej Adam ŁUCZAK";"KOMITET WYBORCZY PRAWO I SPRAWIEDLIWOŚĆ";"Mężczyzna";"inż. geodeta";"Pabianice";"100802";"m. Pabianice";"członek partii politycznej: Prawo i Sprawiedliwość";"";;;
27;;"Dorota Helena RYL";"KOALICYJNY KOMITET WYBORCZY KOALICJA OBYWATELSKA PO .N IPL ZIELONI";"Kobieta";"specjalista do spraw zarządzania";"Sieradz";"101401";"m. Sieradz";"członek partii politycznej: Platforma Obywatelska RP";"";;;
27;;"Michał SEWERYŃSKI";"KOMITET WYBORCZY PRAWO I SPRAWIEDLIWOŚĆ";"Mężczyzna";"nauczyciel akademicki";"Łódź";"106101";"m. Łódź";"nie należy do partii politycznej";"";;;
27;;"Robert SZYMCZAK";"KOMITET WYBORCZY KONFEDERACJA WOLNOŚĆ I NIEPODLEGŁOŚĆ";"Mężczyzna";"przedsiębiorca";"Zduńska Wola";"101901";"m. Zduńska Wola";"członek partii politycznej: Ruch Narodowy";"";;;
28;;"Marek CHRZANOWSKI";"KOMITET WYBORCZY BEZPARTYJNI SAMORZĄDOWCY";"Mężczyzna";"samorządowiec";"Bełchatów";"100101";"m. Bełchatów";"nie należy do partii politycznej";"";;;
28;;"Wiesław Józef DOBKOWSKI";"KOMITET WYBORCZY PRAWO I SPRAWIEDLIWOŚĆ";"Mężczyzna";"mgr inż. elektryk";"Bełchatów";"100101";"m. Bełchatów";"członek partii politycznej: Prawo i Sprawiedliwość";"";;;
28;;"Małgorzata Monika JANOWSKA";"KOMITET WYBORCZY POLSKA JEST JEDNA";"Kobieta";"ekonomista";"Bełchatów";"100101";"m. Bełchatów";"członek partii politycznej: Partia Republikańska";"";;;
28;;"Marek Łukasz KWAPISIEWICZ";"KOMITET WYBORCZY KONFEDERACJA WOLNOŚĆ I NIEPODLEGŁOŚĆ";"Mężczyzna";"przedstawiciel handlowy";"Bełchatów";"100101";"m. Bełchatów";"członek partii politycznej: Nowa Nadzieja";"";;;
28;;"Marek Marian MAZUR";"KOALICYJNY KOMITET WYBORCZY TRZECIA DROGA POLSKA 2050 SZYMONA HOŁOWNI - POLSKIE STRONNICTWO LUDOWE";"Mężczyzna";"przedstawiciel władzy samorządowej (radny)";"Piotrków Trybunalski";"106201";"m. Piotrków Trybunalski";"członek partii politycznej: Polskie Stronnictwo Ludowe";"";;;
29;;"Rafał Michał AMBROZIK";"KOMITET WYBORCZY PRAWO I SPRAWIEDLIWOŚĆ";"Mężczyzna";"prawnik";"Rawa Mazowiecka";"101301";"m. Rawa Mazowiecka";"nie należy do partii politycznej";"";;;
29;;"Andrzej FĄK";"KOMITET WYBORCZY KONFEDERACJA WOLNOŚĆ I NIEPODLEGŁOŚĆ";"Mężczyzna";"emeryt - były oficer zawodowy sił zbrojnych";"Tomaszów Mazowiecki";"101601";"m. Tomaszów Mazowiecki";"członek partii politycznej: Ruch Narodowy";"";;;
29;;"Sylwester Wojciech KUCHARSKI";"KOMITET WYBORCZY BEZPARTYJNI SAMORZĄDOWCY";"Mężczyzna";"doktor nauk leśnych";"Tomaszów Mazowiecki";"101601";"m. Tomaszów Mazowiecki";"nie należy do partii politycznej";"";;;
29;;"Józef Adam MATYSIAK";"KOALICYJNY KOMITET WYBORCZY TRZECIA DROGA POLSKA 2050 SZYMONA HOŁOWNI - POLSKIE STRONNICTWO LUDOWE";"Mężczyzna";"przedstawiciel władzy samorządowej (starosta)";"Annosław";"101305";"gm. Regnów";"członek partii politycznej: Polskie Stronnictwo Ludowe";"";;;
29;;"Rafał SKIBA";"KOMITET WYBORCZY WYBORCÓW POROZUMIENIE OBYWATELSKIE";"Mężczyzna";"koordynator floty samochodowej";"Miedniewice";"101508";"gm. Skierniewice";"nie należy do partii politycznej";"";;;
30;;"Zbigniew Józef BURZYŃSKI";"KOMITET WYBORCZY WOLNI I SOLIDARNI";"Mężczyzna";"inżynier mechanik";"Kraków";"126101";"m. Kraków";"członek partii politycznej: Wolni i Solidarni";"";;;
30;;"Piotr Paweł GRACZYK";"KOMITET WYBORCZY WYBORCÓW RUCHU DOBROBYTU I POKOJU";"Mężczyzna";"chemik";"Bieńkówka";"121503";"gm. Budzów";"nie należy do partii politycznej";"";;;
30;;"Krzysztof Jan KLĘCZAR";"KOALICYJNY KOMITET WYBORCZY TRZECIA DROGA POLSKA 2050 SZYMONA HOŁOWNI - POLSKIE STRONNICTWO LUDOWE";"Mężczyzna";"psycholog";"Kęty";"121304";"gm. Kęty";"członek partii politycznej: Polskie Stronnictwo Ludowe";"";;;
30;;"Andrzej Michał PAJĄK";"KOMITET WYBORCZY PRAWO I SPRAWIEDLIWOŚĆ";"Mężczyzna";"inżynier hutnik";"Zawoja";"121508";"gm. Zawoja";"członek partii politycznej: Prawo i Sprawiedliwość";"";;;
30;;"Dawid ŁUKAJCZYK";"KOMITET WYBORCZY KONFEDERACJA WOLNOŚĆ I NIEPODLEGŁOŚĆ";"Mężczyzna";"dziennikarz";"Trzebinia";"120305";"gm. Trzebinia";"nie należy do partii politycznej";"";;;
31;;"Wiesław Adam BATOR";"KOMITET WYBORCZY WOLNI I SOLIDARNI";"Mężczyzna";"nauczyciel akademicki - nauki humanistyczne";"Kraków";"126101";"m. Kraków";"członek partii politycznej: Wolni i Solidarni";"";;;
31;;"Grzegorz Franciszek MAŁODOBRY";"KOALICYJNY KOMITET WYBORCZY KOALICJA OBYWATELSKA PO .N IPL ZIELONI";"Mężczyzna";"urzędnik samorządowy";"Krzeszowice";"120606";"gm. Krzeszowice";"członek partii politycznej: Platforma Obywatelska RP";"";;;
31;;"Wojciech Piotr OZDOBA";"KOMITET WYBORCZY NOWA DEMOKRACJA - TAK";"Mężczyzna";"kierownik domu kultury";"Olkusz";"121205";"gm. Olkusz";"członek partii politycznej: Nowa Demokracja-Tak";"";;;
31;;"Marek PĘK";"KOMITET WYBORCZY PRAWO I SPRAWIEDLIWOŚĆ";"Mężczyzna";"prawnik";"Kraków";"126101";"m. Kraków";"członek partii politycznej: Prawo i Sprawiedliwość";"";;;
32;;"Zbigniew Jan CICHOŃ";"KOMITET WYBORCZY PRAWO I SPRAWIEDLIWOŚĆ";"Mężczyzna";"adwokat";"Wieliczka";"121905";"gm. Wieliczka";"nie należy do partii politycznej";"";;;
32;;"Jerzy Feliks FEDOROWICZ";"KOALICYJNY KOMITET WYBORCZY KOALICJA OBYWATELSKA PO .N IPL ZIELONI";"Mężczyzna";"aktor";"Kraków";"126101";"m. Kraków";"członek partii politycznej: Platforma Obywatelska RP";"";;;
33;;"Bogdan Adam KLICH";"KOALICYJNY KOMITET WYBORCZY KOALICJA OBYWATELSKA PO .N IPL ZIELONI";"Mężczyzna";"lekarz";"Kraków";"126101";"m. Kraków";"członek partii politycznej: Platforma Obywatelska RP";"";;;
33;;"Mateusz MAŁODZIŃSKI";"KOMITET WYBORCZY PRAWO I SPRAWIEDLIWOŚĆ";"Mężczyzna";"wyższy urzędnik państwowy";"Kraków";"126101";"m. Kraków";"członek partii politycznej: Prawo i Sprawiedliwość";"";;;
34;;"Włodzimierz BERNACKI";"KOMITET WYBORCZY PRAWO I SPRAWIEDLIWOŚĆ";"Mężczyzna";"nauczyciel akademicki";"Nowe Brzesko";"121403";"gm. Nowe Brzesko";"członek partii politycznej: Prawo i Sprawiedliwość";"";;;
34;;"Adam Janusz KORTA";"KOALICYJNY KOMITET WYBORCZY KOALICJA OBYWATELSKA PO .N IPL ZIELONI";"Mężczyzna";"inżynier inżynierii środowiska";"Proszówki";"120101";"m. Bochnia";"członek partii politycznej: Platforma Obywatelska RP";"";;;
34;;"Bartłomiej Hubert KRZYCH";"KOMITET WYBORCZY POLSKA JEST JEDNA";"Mężczyzna";"ekonomista - analityk";"Strumiany";"121905";"gm. Wieliczka";"nie należy do partii politycznej";"";;;
34;;"Radosław Michał MACOŃ";"KOMITET WYBORCZY KONFEDERACJA WOLNOŚĆ I NIEPODLEGŁOŚĆ";"Mężczyzna";"inżynier geodeta";"Bochnia";"120101";"m. Bochnia";"członek partii politycznej: Nowa Nadzieja";"";;;
35;;"Dariusz Zbigniew KLICH";"KOMITET WYBORCZY POLSKA JEST JEDNA";"Mężczyzna";"bioinżynier";"Zbylitowska Góra";"121609";"gm. Tarnów";"nie należy do partii politycznej";"";;;
35;;"Mirosław Sergiusz POŚWIATOWSKI";"KOMITET WYBORCZY KONFEDERACJA WOLNOŚĆ I NIEPODLEGŁOŚĆ";"Mężczyzna";"drukarz";"Tarnów";"126301";"m. Tarnów";"członek partii politycznej: Konfederacja Korony Polskiej";"";;;
35;;"Stanisław Andrzej SORYS";"KOALICYJNY KOMITET WYBORCZY TRZECIA DROGA POLSKA 2050 SZYMONA HOŁOWNI - POLSKIE STRONNICTWO LUDOWE";"Mężczyzna";"nauczyciel akademicki - nauki społeczne";"Pleśna";"121604";"gm. Pleśna";"członek partii politycznej: Polskie Stronnictwo Ludowe";"";;;
35;;"Józef SZTORC";"KOMITET WYBORCZY BEZPARTYJNI SAMORZĄDOWCY";"Mężczyzna";"technik elektryk";"Wola Rzędzińska";"121609";"gm. Tarnów";"nie należy do partii politycznej";"";;;
35;;"Kazimierz Adam WIATR";"KOMITET WYBORCZY PRAWO I SPRAWIEDLIWOŚĆ";"Mężczyzna";"nauczyciel akademicki - nauki techniczne";"Kraków";"126101";"m. Kraków";"członek partii politycznej: Prawo i Sprawiedliwość";"";;;
36;;"Krzysztof CHMURA";"KOMITET WYBORCZY KONFEDERACJA WOLNOŚĆ I NIEPODLEGŁOŚĆ";"Mężczyzna";"przedsiębiorca";"Lipnica Mała";"121105";"gm. Jabłonka";"nie należy do partii politycznej";"";;;
36;;"Jan Wincenty HAMERSKI";"KOMITET WYBORCZY PRAWO I SPRAWIEDLIWOŚĆ";"Mężczyzna";"parlamentarzysta";"Jaworki";"121102";"gm. Szczawnica";"członek partii politycznej: Prawo i Sprawiedliwość";"";;;
36;;"Bogusław WAKSMUNDZKI";"KOMITET WYBORCZY WYBORCÓW KANDYDAT ZIEM GÓRSKICH";"Mężczyzna";"pracownik samorządowy";"Grywałd";"121106";"gm. Krościenko nad Dunajcem";"nie należy do partii politycznej";"";;;
37;;"Wiktor Michał DURLAK";"KOMITET WYBORCZY PRAWO I SPRAWIEDLIWOŚĆ";"Mężczyzna";"menedżer";"Wyskitna";"121004";"gm. Grybów";"członek partii politycznej: Prawo i Sprawiedliwość";"";;;
37;;"Jarosław Jerzy JAKUBOWSKI";"KOMITET WYBORCZY KONFEDERACJA WOLNOŚĆ I NIEPODLEGŁOŚĆ";"Mężczyzna";"nauczyciel";"Nowy Sącz";"126201";"m. Nowy Sącz";"członek partii politycznej: Nowa Nadzieja";"";;;
37;;"Beata KALISZ";"KOMITET WYBORCZY BEZPARTYJNI SAMORZĄDOWCY";"Kobieta";"pielęgniarka";"Gorlice";"120501";"m. Gorlice";"nie należy do partii politycznej";"";;;
37;;"Stanisław Wojciech PASOŃ";"KOALICYJNY KOMITET WYBORCZY TRZECIA DROGA POLSKA 2050 SZYMONA HOŁOWNI - POLSKIE STRONNICTWO LUDOWE";"Mężczyzna";"rolnik";"Moszczenica Niżna";"121016";"gm. Stary Sącz";"członek partii politycznej: Polskie Stronnictwo Ludowe";"";;;
38;;"Marek Eryk MARTYNOWSKI";"KOMITET WYBORCZY PRAWO I SPRAWIEDLIWOŚĆ";"Mężczyzna";"ekonomista";"Płock";"146201";"m. Płock";"członek partii politycznej: Prawo i Sprawiedliwość";"";;;
38;;"Adam MATYSZEWSKI";"KOMITET WYBORCZY KONFEDERACJA WOLNOŚĆ I NIEPODLEGŁOŚĆ";"Mężczyzna";"nauczyciel";"Płock";"146201";"m. Płock";"członek partii politycznej: Konfederacja Korony Polskiej";"";;;
38;;"Sylwester Artur OSIŃSKI";"KOMITET WYBORCZY BEZPARTYJNI SAMORZĄDOWCY";"Mężczyzna";"ekonomista";"Żyrardów";"143801";"m. Żyrardów";"nie należy do partii politycznej";"";;;
38;;"Waldemar PAWLAK";"KOALICYJNY KOMITET WYBORCZY TRZECIA DROGA POLSKA 2050 SZYMONA HOŁOWNI - POLSKIE STRONNICTWO LUDOWE";"Mężczyzna";"inżynier mechanik";"Pacyna";"140403";"gm. Pacyna";"członek partii politycznej: Polskie Stronnictwo Ludowe";"";;;
39;;"Krzysztof BIEŃKOWSKI";"KOMITET WYBORCZY PRAWO I SPRAWIEDLIWOŚĆ";"Mężczyzna";"ekonomista";"Przasnysz";"142201";"m. Przasnysz";"członek partii politycznej: Prawo i Sprawiedliwość";"";;;
39;;"Jan Maria JACKOWSKI";"KOMITET WYBORCZY WYBORCÓW JANA MARII JACKOWSKIEGO";"Mężczyzna";"dziennikarz";"Warszawa";"146507";"Praga-Południe";"nie należy do partii politycznej";"";;;
39;;"Gabriel JANOWSKI";"KOMITET WYBORCZY ZJEDNOCZENIE CHRZEŚCIJAŃSKICH RODZIN";"Mężczyzna";"nauczyciel akademicki";"Stare Faszczyce";"143201";"gm. Błonie";"nie należy do partii politycznej";"";;;
40;;"Jolanta Emilia HIBNER";"KOALICYJNY KOMITET WYBORCZY KOALICJA OBYWATELSKA PO .N IPL ZIELONI";"Kobieta";"inżynier inżynierii środowiska";"Warszawa";"146519";"Żoliborz";"członek partii politycznej: Platforma Obywatelska RP";"";;;
40;;"Urszula Barbara KRAWCZYK";"KOMITET WYBORCZY BEZPARTYJNI SAMORZĄDOWCY";"Kobieta";"prezes";"Czeczotki";"141402";"gm. Czosnów";"nie należy do partii politycznej";"";;;
40;;"Adam LUBIAK";"KOMITET WYBORCZY PRAWO I SPRAWIEDLIWOŚĆ";"Mężczyzna";"przedstawiciel władzy samorządowej";"Wołomin";"143412";"gm. Wołomin";"członek partii politycznej: Prawo i Sprawiedliwość";"";;;
40;;"Robert ROGUSKI";"KOMITET WYBORCZY WYBORCÓW ROBERTA ROGUSKIEGO";"Mężczyzna";"manager";"Kobyłka";"143401";"m. Kobyłka";"nie należy do partii politycznej";"";;;
41;;"Michał Tomasz KAMIŃSKI";"KOALICYJNY KOMITET WYBORCZY TRZECIA DROGA POLSKA 2050 SZYMONA HOŁOWNI - POLSKIE STRONNICTWO LUDOWE";"Mężczyzna";"parlamentarzysta";"Józefów";"141701";"m. Józefów";"członek partii politycznej: Unia Europejskich Demokratów";"";;;
41;;"Łukasz Paweł MALCZYK";"KOMITET WYBORCZY BEZPARTYJNI SAMORZĄDOWCY";"Mężczyzna";"ekonomista";"Warszawa";"146514";"Wawer";"nie należy do partii politycznej";"";;;
41;;"Barbara Jadwiga SOCHA";"KOMITET WYBORCZY PRAWO I SPRAWIEDLIWOŚĆ";"Kobieta";"ekonomista";"Warszawa";"146514";"Wawer";"członek partii politycznej: Prawo i Sprawiedliwość";"";;;
41;;"Paweł WALO";"KOMITET WYBORCZY KONFEDERACJA WOLNOŚĆ I NIEPODLEGŁOŚĆ";"Mężczyzna";"wyższy urzędnik samorządowy";"Józefów";"141701";"m. Józefów";"członek partii politycznej: Nowa Nadzieja";"";;;
42;;"Marek Stefan BOROWSKI";"KOALICYJNY KOMITET WYBORCZY KOALICJA OBYWATELSKA PO .N IPL ZIELONI";"Mężczyzna";"ekonomista";"Warszawa";"146505";"Mokotów";"członek partii politycznej: Platforma Obywatelska RP";"";;;
42;;"Wojciech Jakub ZABŁOCKI";"KOMITET WYBORCZY PRAWO I SPRAWIEDLIWOŚĆ";"Mężczyzna";"przedsiębiorca";"Warszawa";"146513";"Ursynów";"członek partii politycznej: Prawo i Sprawiedliwość";"";;;
43;;"Alvin GAJADHUR";"KOMITET WYBORCZY PRAWO I SPRAWIEDLIWOŚĆ";"Mężczyzna";"urzędnik państwowy";"Warszawa";"146505";"Mokotów";"nie należy do partii politycznej";"";;;
43;;"Małgorzata Maria KIDAWA-BŁOŃSKA";"KOALICYJNY KOMITET WYBORCZY KOALICJA OBYWATELSKA PO .N IPL ZIELONI";"Kobieta";"producent filmowy";"Warszawa";"146512";"Ursus";"członek partii politycznej: Platforma Obywatelska RP";"";;;
44;;"Adam Piotr BODNAR";"KOALICYJNY KOMITET WYBORCZY KOALICJA OBYWATELSKA PO .N IPL ZIELONI";"Mężczyzna";"nauczyciel akademicki";"Warszawa";"146513";"Ursynów";"nie należy do partii politycznej";"";;;
44;;"Alicja ŻEBROWSKA";"KOMITET WYBORCZY PRAWO I SPRAWIEDLIWOŚĆ";"Kobieta";"menadżer";"Warszawa";"146511";"Targówek";"członek partii politycznej: Prawo i Sprawiedliwość";"";;;
45;;"Magdalena Agnieszka BIEJAT";"KOMITET WYBORCZY NOWA LEWICA";"Kobieta";"socjolożka";"Warszawa";"146508";"Praga-Północ";"członek partii politycznej: Lewica Razem";"";;;
45;;"Michał GRODZKI";"KOMITET WYBORCZY PRAWO I SPRAWIEDLIWOŚĆ";"Mężczyzna";"menadżer";"Warszawa";"146502";"Bemowo";"członek partii politycznej: Prawo i Sprawiedliwość";"";;;
46;;"Mirosław Jan AUGUSTYNIAK";"KOMITET WYBORCZY WYBORCÓW MIROSŁAWA AUGUSTYNIAKA KANDYDATA NA SENATORA RZECZPOSPOLITEJ POLSKIEJ";"Mężczyzna";"inżynier rolnictwa";"Sypniewo";"141109";"gm. Sypniewo";"członek partii politycznej: PSL";"";;;
46;;"Zbigniew DĄBROWSKI";"KOMITET WYBORCZY ZJEDNOCZENI";"Mężczyzna";"architekt";"Ostrołęka";"146101";"m. Ostrołęka";"członek partii politycznej: Konfederacja Korony Polskiej";"";;;
46;;"Adam KASJANIUK";"KOMITET WYBORCZY KONFEDERACJA WOLNOŚĆ I NIEPODLEGŁOŚĆ";"Mężczyzna";"doradca finansowy";"Wyszków";"143505";"gm. Wyszków";"członek partii politycznej: Ruch Narodowy";"";;;
46;;"Robert Adam MAMĄTOW";"KOMITET WYBORCZY PRAWO I SPRAWIEDLIWOŚĆ";"Mężczyzna";"polityk";"Ostrołęka";"146101";"m. Ostrołęka";"członek partii politycznej: Prawo i Sprawiedliwość";"";;;
46;;"Grzegorz NOWOSIELSKI";"KOALICYJNY KOMITET WYBORCZY TRZECIA DROGA POLSKA 2050 SZYMONA HOŁOWNI - POLSKIE STRONNICTWO LUDOWE";"Mężczyzna";"urzędnik samorządowy";"Rybienko Nowe";"143505";"gm. Wyszków";"członek partii politycznej: Polska 2050 Szymona Hołowni";"";;;
46;;"Bogusław ROGALSKI";"KOMITET WYBORCZY ZJEDNOCZENIE CHRZEŚCIJAŃSKICH RODZIN";"Mężczyzna";"politolog";"Woryty";"281405";"gm. Gietrzwałd";"członek partii politycznej: Zjednoczenie Chrześcijańskich Rodzin";"";;;
47;;"Maciej GÓRSKI";"KOMITET WYBORCZY PRAWO I SPRAWIEDLIWOŚĆ";"Mężczyzna";"urzędnik";"Górki-Grubaki";"143303";"gm. Korytnica";"członek partii politycznej: Prawo i Sprawiedliwość";"";;;
47;;"Zbigniew Antoni WIDELSKI";"KOMITET WYBORCZY BEZPARTYJNI SAMORZĄDOWCY";"Mężczyzna";"adwokat";"Miętne";"140304";"gm. Garwolin";"nie należy do partii politycznej";"";;;
48;;"Krzysztof Wawrzyniec BORKOWSKI";"KOMITET WYBORCZY WYBORCÓW KRZYSZTOFA WAWRZYŃCA BORKOWSKIEGO PAKT SENACKI";"Mężczyzna";"przedsiębiorca";"Borki Sołdy";"142611";"gm. Wiśniew";"członek partii politycznej: Polskie Stronnictwo Ludowe";"";;;
48;;"Waldemar Jerzy KRASKA";"KOMITET WYBORCZY PRAWO I SPRAWIEDLIWOŚĆ";"Mężczyzna";"lekarz - specjalista chirurgii ogólnej";"Kosów Lacki";"142905";"gm. Kosów Lacki";"członek partii politycznej: Prawo i Sprawiedliwość";"";;;
48;;"Paweł Wojciech WIĘCKOWSKI";"KOMITET WYBORCZY KONFEDERACJA WOLNOŚĆ I NIEPODLEGŁOŚĆ";"Mężczyzna";"przedsiębiorca";"Sabnie";"142907";"gm. Sabnie";"członek partii politycznej: Ruch Narodowy";"";;;
48;;"Paweł Stanisław WYRZYKOWSKI";"KOMITET WYBORCZY ZJEDNOCZENI";"Mężczyzna";"świecki krzewiciel wiary";"Ostoje";"142605";"gm. Mordy";"członek partii politycznej: Konfederacja Wolność i Niepodległość";"";;;
49;;"Stanisław KARCZEWSKI";"KOMITET WYBORCZY PRAWO I SPRAWIEDLIWOŚĆ";"Mężczyzna";"lekarz chirurg specjalizacji ogólnej";"Nowe Miasto nad Pilicą";"140608";"gm. Nowe Miasto nad Pilicą";"członek partii politycznej: Prawo i Sprawiedliwość";"";;;
49;;"Krzysztof Grzegorz LECHOWSKI";"KOMITET WYBORCZY WYBORCÓW KRZYSZTOFA LECHOWSKIEGO";"Mężczyzna";"rolnik";"Nieznamierowice";"142307";"gm. Rusinów";"nie należy do partii politycznej";"";;;
49;;"Leszek Janusz PRZYBYTNIAK";"KOALICYJNY KOMITET WYBORCZY TRZECIA DROGA POLSKA 2050 SZYMONA HOŁOWNI - POLSKIE STRONNICTWO LUDOWE";"Mężczyzna";"ogrodnik";"Uleniec";"140605";"gm. Grójec";"członek partii politycznej: Polskie Stronnictwo Ludowe";"";;;
50;;"Cezary Edward BRYMORA";"KOALICYJNY KOMITET WYBORCZY TRZECIA DROGA POLSKA 2050 SZYMONA HOŁOWNI - POLSKIE STRONNICTWO LUDOWE";"Mężczyzna";"przedsiębiorca";"Wrzosów";"142506";"gm. Jedlnia-Letnisko";"członek partii politycznej: Polska 2050 Szymona Hołowni";"";;;
50;;"Jarosław DĄBROWSKI";"KOMITET WYBORCZY KONFEDERACJA WOLNOŚĆ I NIEPODLEGŁOŚĆ";"Mężczyzna";"nauczyciel";"Jedlnia-Letnisko";"142506";"gm. Jedlnia-Letnisko";"nie należy do partii politycznej";"";;;
50;;"Beata MNICH";"KOMITET WYBORCZY WYBORCÓW BEATA MNICH";"Kobieta";"nauczyciel";"Pawłów";"143001";"gm. Chlewiska";"nie należy do partii politycznej";"";;;
50;;"Jacek Marian NOWAK";"KOMITET WYBORCZY BEZPARTYJNI SAMORZĄDOWCY";"Mężczyzna";"ekonomista";"Józefówek";"142505";"gm. Jedlińsk";"nie należy do partii politycznej";"";;;
50;;"Wojciech SKURKIEWICZ";"KOMITET WYBORCZY PRAWO I SPRAWIEDLIWOŚĆ";"Mężczyzna";"dziennikarz";"Radom";"146301";"m. Radom";"członek partii politycznej: Prawo i Sprawiedliwość";"";;;
51;;"Jerzy CZERWIŃSKI";"KOMITET WYBORCZY PRAWO I SPRAWIEDLIWOŚĆ";"Mężczyzna";"parlamentarzysta";"Prudnik";"161004";"gm. Prudnik";"członek partii politycznej: Prawo i Sprawiedliwość";"";;;
51;;"Zbigniew FABIJANIAK";"KOMITET WYBORCZY KONFEDERACJA WOLNOŚĆ I NIEPODLEGŁOŚĆ";"Mężczyzna";"technik mechanik";"Brzeg";"160101";"m. Brzeg";"członek partii politycznej: Nowa Nadzieja";"";;;
51;;"Tadeusz JARMUZIEWICZ";"KOALICYJNY KOMITET WYBORCZY KOALICJA OBYWATELSKA PO .N IPL ZIELONI";"Mężczyzna";"inżynier elektryk";"Opole";"166101";"m. Opole";"członek partii politycznej: Platforma Obywatelska RP";"";;;
52;;"Henryk Ryszard LAKWA";"KOMITET WYBORCZY WYBORCÓW MNIEJSZOŚĆ NIEMIECKA";"Mężczyzna";"ekonomista";"Prószków";"160910";"gm. Prószków";"członek partii politycznej: Regionalna. Mniejszość z Większością";"";;;
52;;"Marcin Remigiusz LORENC";"KOMITET WYBORCZY PRAWO I SPRAWIEDLIWOŚĆ";"Mężczyzna";"nauczyciel akademicki";"Opole";"166101";"m. Opole";"nie należy do partii politycznej";"";;;
52;;"Piotr Jan WOŹNIAK";"KOMITET WYBORCZY NOWA LEWICA";"Mężczyzna";"nauczyciel akademicki";"Otmuchów";"160706";"gm. Otmuchów";"członek partii politycznej: Nowa Lewica";"";;;
53;;"Herbert Wincenty CZAJA";"KOMITET WYBORCZY BEZPARTYJNI SAMORZĄDOWCY";"Mężczyzna";"rolnik";"Kadłub Wolny";"160807";"gm. Zębowice";"nie należy do partii politycznej";"";;;
53;;"Beniamin Wincenty GODYLA";"KOALICYJNY KOMITET WYBORCZY KOALICJA OBYWATELSKA PO .N IPL ZIELONI";"Mężczyzna";"ekonomista";"Pawłowice";"160802";"gm. Gorzów Śląski";"członek partii politycznej: Platforma Obywatelska RP";"";;;
53;;"Grzegorz PECZKIS";"KOMITET WYBORCZY PRAWO I SPRAWIEDLIWOŚĆ";"Mężczyzna";"nauczyciel akademicki";"Kędzierzyn-Koźle";"160301";"m. Kędzierzyn-Koźle";"członek partii politycznej: Prawo i Sprawiedliwość";"";;;
54;;"Artur Stanisław BURAK";"KOMITET WYBORCZY KONFEDERACJA WOLNOŚĆ I NIEPODLEGŁOŚĆ";"Mężczyzna";"lekarz medycyny";"Stalowa Wola";"181801";"m. Stalowa Wola";"członek partii politycznej: Nowa Nadzieja";"";;;
54;;"Janina Zofia SAGATOWSKA";"KOMITET WYBORCZY PRAWO I SPRAWIEDLIWOŚĆ";"Kobieta";"radca prawny";"Stalowa Wola";"181801";"m. Stalowa Wola";"członek partii politycznej: Prawo i Sprawiedliwość";"";;;
55;;"Marek Jan PAPROCKI";"KOMITET WYBORCZY NOWA LEWICA";"Mężczyzna";"nauczyciel";"Mielec";"181101";"m. Mielec";"nie należy do partii politycznej";"";;;
55;;"Zdzisław Stanisław PUPA";"KOMITET WYBORCZY PRAWO I SPRAWIEDLIWOŚĆ";"Mężczyzna";"rolnik";"Góra Ropczycka";"181504";"gm. Sędziszów Małopolski";"członek partii politycznej: Prawo i Sprawiedliwość";"";;;
55;;"Jacek Tomasz ĆWIĘKA";"KOMITET WYBORCZY KONFEDERACJA WOLNOŚĆ I NIEPODLEGŁOŚĆ";"Mężczyzna";"teolog";"Rzeszów";"186301";"m. Rzeszów";"członek partii politycznej: Konfederacja Korony Polskiej";"";;;
56;;"Krzysztof GUTKOWSKI";"KOMITET WYBORCZY WYBORCÓW PROFESORA KRZYSZTOFA GUTKOWSKIEGO";"Mężczyzna";"lekarz medycyny";"Rzeszów";"186301";"m. Rzeszów";"nie należy do partii politycznej";"";;;
56;;"Józef JODŁOWSKI";"KOMITET WYBORCZY PRAWO I SPRAWIEDLIWOŚĆ";"Mężczyzna";"wyższy urzędnik samorządowy";"Lubenia";"181610";"gm. Lubenia";"członek partii politycznej: Prawo i Sprawiedliwość";"";;;
56;;"Jolanta Barbara KAŹMIERCZAK";"KOALICYJNY KOMITET WYBORCZY KOALICJA OBYWATELSKA PO .N IPL ZIELONI";"Kobieta";"inżynier budownictwa";"Rzeszów";"186301";"m. Rzeszów";"członek partii politycznej: Platforma Obywatelska RP";"";;;
56;;"Krzysztof MAZUR";"KOMITET WYBORCZY KONFEDERACJA WOLNOŚĆ I NIEPODLEGŁOŚĆ";"Mężczyzna";"ekonomista";"Rudna Wielka";"181612";"gm. Świlcza";"członek partii politycznej: Nowa Nadzieja";"";;;
57;;"Tomasz Grzegorz LEGENY";"KOMITET WYBORCZY BEZPARTYJNI SAMORZĄDOWCY";"Mężczyzna";"ekonomista";"Jarosław";"180401";"m. Jarosław";"członek partii politycznej: Porozumienie";"";;;
57;;"Janusz SERWIŃSKI";"KOMITET WYBORCZY KONFEDERACJA WOLNOŚĆ I NIEPODLEGŁOŚĆ";"Mężczyzna";"specjalista do spraw obsługi posprzedażowej";"Krosno";"186101";"m. Krosno";"członek partii politycznej: Ruch Narodowy";"";;;
57;;"Stanisław Michał SZAŁAJKO";"KOMITET WYBORCZY NOWA LEWICA";"Mężczyzna";"nauczyciel przedmiotu w szkole podstawowej";"Brzozów";"180201";"gm. Brzozów";"członek partii politycznej: Nowa Lewica";"";;;
57;;"Alicja Maria ZAJĄC";"KOMITET WYBORCZY PRAWO I SPRAWIEDLIWOŚĆ";"Kobieta";"biolog";"Jasło";"180501";"m. Jasło";"członek partii politycznej: Prawo i Sprawiedliwość";"";;;
58;;"Włodzimierz BODNAR";"KOMITET WYBORCZY BEZPARTYJNI SAMORZĄDOWCY";"Mężczyzna";"lekarz - specjalista chorób płuc dzieci";"Przemyśl";"186201";"m. Przemyśl";"członek partii politycznej: Wspólnie dla Zdrowia";"";;;
58;;"Maria Halina DRAPAK";"KOMITET WYBORCZY WYBORCÓW RUCHU DOBROBYTU I POKOJU";"Kobieta";"pielęgniarka - specjalista pielęgniarstwa psychiatrycznego";"Łukawiec";"180908";"gm. Wielkie Oczy";"nie należy do partii politycznej";"";;;
58;;"Mieczysław Józef GOLBA";"KOMITET WYBORCZY PRAWO I SPRAWIEDLIWOŚĆ";"Mężczyzna";"parlamentarzysta";"Wiązownica";"180411";"gm. Wiązownica";"członek partii politycznej: Suwerenna Polska";"";;;
58;;"Dariusz Piotr LASEK";"KOMITET WYBORCZY KONFEDERACJA WOLNOŚĆ I NIEPODLEGŁOŚĆ";"Mężczyzna";"pedagog szkolny";"Przemyśl";"186201";"m. Przemyśl";"nie należy do partii politycznej";"";;;
58;;"Adam WOŚ";"KOALICYJNY KOMITET WYBORCZY KOALICJA OBYWATELSKA PO .N IPL ZIELONI";"Mężczyzna";"ekonomista";"Czerce";"181407";"gm. Sieniawa";"członek partii politycznej: Platforma Obywatelska RP";"";;;
59;;"Cezary CIEŚLUKOWSKI";"KOALICYJNY KOMITET WYBORCZY TRZECIA DROGA POLSKA 2050 SZYMONA HOŁOWNI - POLSKIE STRONNICTWO LUDOWE";"Mężczyzna";"ekonomista";"Suwałki";"206301";"m. Suwałki";"członek partii politycznej: Polskie Stronnictwo Ludowe";"";;;
59;;"Adam KIEŁCZEWSKI";"KOMITET WYBORCZY KONFEDERACJA WOLNOŚĆ I NIEPODLEGŁOŚĆ";"Mężczyzna";"przedsiębiorca";"Grajewo";"200401";"m. Grajewo";"nie należy do partii politycznej";"";;;
59;;"Marek Adam KOMOROWSKI";"KOMITET WYBORCZY PRAWO I SPRAWIEDLIWOŚĆ";"Mężczyzna";"radca prawny";"Zambrów";"201401";"m. Zambrów";"członek partii politycznej: Prawo i Sprawiedliwość";"";;;
60;;"Mariusz Krzysztof GROMKO";"KOMITET WYBORCZY PRAWO I SPRAWIEDLIWOŚĆ";"Mężczyzna";"przedsiębiorca";"Białystok";"206101";"m. Białystok";"członek partii politycznej: Prawo i Sprawiedliwość";"";;;
60;;"Zbigniew Cezary KASPERCZUK";"KOMITET WYBORCZY KONFEDERACJA WOLNOŚĆ I NIEPODLEGŁOŚĆ";"Mężczyzna";"przedsiębiorca";"Fasty";"206101";"m. Białystok";"członek partii politycznej: Ruch Narodowy";"";;;
60;;"Maciej Zenon ŻYWNO";"KOALICYJNY KOMITET WYBORCZY TRZECIA DROGA POLSKA 2050 SZYMONA HOŁOWNI - POLSKIE STRONNICTWO LUDOWE";"Mężczyzna";"pedagog";"Sochonie";"200213";"gm. Wasilków";"członek partii politycznej: Polska 2050 Szymona Hołowni";"";;;
61;;"Anna BOGUCKA";"KOMITET WYBORCZY PRAWO I SPRAWIEDLIWOŚĆ";"Kobieta";"burmistrz";"Siennica-Lipusy";"201303";"gm. Czyżew";"członek partii politycznej: Prawo i Sprawiedliwość";"";;;
61;;"Bartosz MALEWSKI";"KOMITET WYBORCZY KONFEDERACJA WOLNOŚĆ I NIEPODLEGŁOŚĆ";"Mężczyzna";"prawnik";"Warszawa";"146518";"Wola";"członek partii politycznej: Ruch Narodowy";"";;;
61;;"Sławomir Jerzy SNARSKI";"KOALICYJNY KOMITET WYBORCZY KOALICJA OBYWATELSKA PO .N IPL ZIELONI";"Mężczyzna";"nauczyciel akademicki";"Rudka";"200307";"gm. Rudka";"nie należy do partii politycznej";"";;;
62;;"Kazimierz Mariusz KLEINA";"KOALICYJNY KOMITET WYBORCZY KOALICJA OBYWATELSKA PO .N IPL ZIELONI";"Mężczyzna";"ekonomista";"Łeba";"220802";"m. Łeba";"członek partii politycznej: Platforma Obywatelska RP";"";;;
62;;"Krzysztof Paweł KROPIDŁOWSKI";"KOMITET WYBORCZY KONFEDERACJA WOLNOŚĆ I NIEPODLEGŁOŚĆ";"Mężczyzna";"technik leśnik";"Główczyce";"221204";"gm. Główczyce";"członek partii politycznej: Ruch Narodowy";"";;;
62;;"Samanta Maria NOWIŃSKA";"KOMITET WYBORCZY PRAWO I SPRAWIEDLIWOŚĆ";"Kobieta";"pracownik administracji państwowej";"Ustka";"221201";"m. Ustka";"członek partii politycznej: Prawo i Sprawiedliwość";"";;;
63;;"Sławomir Łukasz BUTZA";"KOMITET WYBORCZY KONFEDERACJA WOLNOŚĆ I NIEPODLEGŁOŚĆ";"Mężczyzna";"technik elektronik";"Sternowo";"220203";"gm. Chojnice";"członek partii politycznej: Ruch Narodowy";"";;;
63;;"Dariusz DRELICH";"KOMITET WYBORCZY PRAWO I SPRAWIEDLIWOŚĆ";"Mężczyzna";"Ekonomista";"Lublewo Gdańskie";"220403";"gm. Kolbudy";"członek partii politycznej: Prawo i Sprawiedliwość";"";;;
63;;"Anna GÓRSKA";"KOMITET WYBORCZY NOWA LEWICA";"Kobieta";"specjalistka do spraw stosunków międzynarodowych";"Straszyn";"220404";"gm. Pruszcz Gdański";"członek partii politycznej: Lewica Razem";"";;;
63;;"Dariusz Franciszek MĘCZYKOWSKI";"KOMITET WYBORCZY WYBORCÓW DARIUSZA MĘCZYKOWSKIEGO";"Mężczyzna";"Nauczyciel";"Grabówko";"220607";"gm. Nowa Karczma";"nie należy do partii politycznej";"";;;
64;;"Danuta Jadwiga BIAŁOOKA-KOSTENECKA";"KOMITET WYBORCZY PRAWO I SPRAWIEDLIWOŚĆ";"Kobieta";"Prawnik";"Gdynia";"226201";"m. Gdynia";"członek partii politycznej: Prawo i Sprawiedliwość";"";;;
64;;"Sławomir Piotr RYBICKI";"KOALICYJNY KOMITET WYBORCZY KOALICJA OBYWATELSKA PO .N IPL ZIELONI";"Mężczyzna";"parlamentarzysta";"Sopot";"226401";"m. Sopot";"członek partii politycznej: Platforma Obywatelska RP";"";;;
65;;"Bogdan Michał BORUSEWICZ";"KOALICYJNY KOMITET WYBORCZY KOALICJA OBYWATELSKA PO .N IPL ZIELONI";"Mężczyzna";"historyk";"Gdańsk";"226101";"m. Gdańsk";"członek partii politycznej: Platforma Obywatelska RP";"";;;
65;;"Hubert GRZEGORCZYK";"KOMITET WYBORCZY PRAWO I SPRAWIEDLIWOŚĆ";"Mężczyzna";"menedżer";"Gdańsk";"226101";"m. Gdańsk";"członek partii politycznej: Prawo i Sprawiedliwość";"";;;
65;;"Artur SZOSTAK";"KOMITET WYBORCZY POLSKIEJ PARTII PIRATÓW";"Mężczyzna";"przedsiębiorca";"Gdańsk";"226101";"m. Gdańsk";"nie należy do partii politycznej";"";;;
66;;"Kazimierz Józef JANIAK";"KOMITET WYBORCZY PRAWO I SPRAWIEDLIWOŚĆ";"Mężczyzna";"nauczyciel akademicki";"Gdańsk";"226101";"m. Gdańsk";"członek partii politycznej: Prawo i Sprawiedliwość";"";;;
66;;"Andrzej Sławomir KOBYLARZ";"KOMITET WYBORCZY WYBORCÓW MIROSŁAWA PIASECKIEGO KANDYDATA NA SENATORA RZECZYPOSPOLITEJ POLSKIEJ";"Mężczyzna";"przedsiębiorca";"Domachowo";"220408";"gm. Trąbki Wielkie";"nie należy do partii politycznej";"";;;
66;;"Dominik MAZUR";"KOMITET WYBORCZY KONFEDERACJA WOLNOŚĆ I NIEPODLEGŁOŚĆ";"Mężczyzna";"menedżer";"Pruszcz Gdański";"220401";"m. Pruszcz Gdański";"członek partii politycznej: Ruch Narodowy";"";;;
66;;"Ryszard Jan ŚWILSKI";"KOALICYJNY KOMITET WYBORCZY KOALICJA OBYWATELSKA PO .N IPL ZIELONI";"Mężczyzna";"politolog";"Cieplewo";"220404";"gm. Pruszcz Gdański";"członek partii politycznej: Platforma Obywatelska RP";"";;;
67;;"Leszek CZARNOBAJ";"KOALICYJNY KOMITET WYBORCZY KOALICJA OBYWATELSKA PO .N IPL ZIELONI";"Mężczyzna";"inżynier technologii drewna";"Kwidzyn";"220701";"m. Kwidzyn";"członek partii politycznej: Platforma Obywatelska RP";"";;;
67;;"Łukasz Kazimierz KULECKI";"KOMITET WYBORCZY KONFEDERACJA WOLNOŚĆ I NIEPODLEGŁOŚĆ";"Mężczyzna";"rolnik";"Mikołajki Pomorskie";"221602";"gm. Mikołajki Pomorskie";"członek partii politycznej: Ruch Narodowy";"";;;
67;;"Natalia NITEK-PŁAŻYŃSKA";"KOMITET WYBORCZY PRAWO I SPRAWIEDLIWOŚĆ";"Kobieta";"psycholog";"Gdańsk";"226101";"m. Gdańsk";"nie należy do partii politycznej";"";;;
67;;"Paweł Piotr SZAJDA";"KOMITET WYBORCZY BEZPARTYJNI SAMORZĄDOWCY";"Mężczyzna";"lekarz";"Gdynia";"226201";"m. Gdynia";"nie należy do partii politycznej";"";;;
68;;"Monika FAJER";"KOMITET WYBORCZY KONFEDERACJA WOLNOŚĆ I NIEPODLEGŁOŚĆ";"Kobieta";"technik administracji";"Częstochowa";"246401";"m. Częstochowa";"nie należy do partii politycznej";"";;;
68;;"Jarosław Wacław LASECKI";"KOMITET WYBORCZY WYBORCÓW PAKT OBYWATELSKI LASECKI";"Mężczyzna";"menedżer produktu; rolnik";"Myszków";"240901";"m. Myszków";"nie należy do partii politycznej";"";;;
68;;"Ryszard Bogdan MAJER";"KOMITET WYBORCZY PRAWO I SPRAWIEDLIWOŚĆ";"Mężczyzna";"nauczyciel akademicki";"Częstochowa";"246401";"m. Częstochowa";"członek partii politycznej: Prawo i Sprawiedliwość";"";;;
68;;"Krzysztof SMELA";"KOALICYJNY KOMITET WYBORCZY TRZECIA DROGA POLSKA 2050 SZYMONA HOŁOWNI - POLSKIE STRONNICTWO LUDOWE";"Mężczyzna";"pedagog";"Wierzchowisko";"240411";"gm. Mykanów";"członek partii politycznej: Polskie Stronnictwo Ludowe";"";;;
68;;"Mariusz Michał SPIECHOWICZ";"KOMITET WYBORCZY BEZPARTYJNI SAMORZĄDOWCY";"Mężczyzna";"technik ekonomista";"Rudniki";"240415";"gm. Rędziny";"nie należy do partii politycznej";"";;;
69;;"Małgorzata Beata BIEŃKOWSKA";"KOMITET WYBORCZY KONFEDERACJA WOLNOŚĆ I NIEPODLEGŁOŚĆ";"Kobieta";"przedsiębiorca";"Częstochowa";"246401";"m. Częstochowa";"członek partii politycznej: Nowa Nadzieja";"";;;
69;;"Wojciech Jan KONIECZNY";"KOMITET WYBORCZY NOWA LEWICA";"Mężczyzna";"lekarz-specjalista neurologii";"Częstochowa";"246401";"m. Częstochowa";"członek partii politycznej: Polska Partia Socjalistyczna";"";;;
69;;"Marcin MARANDA";"KOMITET WYBORCZY BEZPARTYJNI SAMORZĄDOWCY";"Mężczyzna";"nauczyciel przedmiotu w szkole ponadpodstawowej";"Częstochowa";"246401";"m. Częstochowa";"nie należy do partii politycznej";"";;;
69;;"Monika Sylwia POHORECKA";"KOMITET WYBORCZY PRAWO I SPRAWIEDLIWOŚĆ";"Kobieta";"pedagog";"Częstochowa";"246401";"m. Częstochowa";"członek partii politycznej: Prawo i Sprawiedliwość";"";;;
70;;"Łukasz CHMIELEWSKI";"KOMITET WYBORCZY PRAWO I SPRAWIEDLIWOŚĆ";"Mężczyzna";"dyrektor do spraw personalnych";"Gliwice";"246601";"m. Gliwice";"członek partii politycznej: Prawo i Sprawiedliwość";"";;;
70;;"Zygmunt Mieczysław FRANKIEWICZ";"KOMITET WYBORCZY WYBORCÓW ZYGMUNT FRANKIEWICZ - PAKT SENACKI";"Mężczyzna";"inżynier";"Gliwice";"246601";"m. Gliwice";"nie należy do partii politycznej";"";;;
71;;"Halina Maria BIEDA";"KOALICYJNY KOMITET WYBORCZY KOALICJA OBYWATELSKA PO .N IPL ZIELONI";"Kobieta";"nauczyciel";"Bytom";"246201";"m. Bytom";"członek partii politycznej: Platforma Obywatelska RP";"";;;
71;;"Mariusz Kazimierz WÓJTOWICZ";"KOMITET WYBORCZY WYBORCÓW MARIUSZ KAZIMIERZ WÓJTOWICZ";"Mężczyzna";"lekarz";"Zabrze";"247801";"m. Zabrze";"nie należy do partii politycznej";"";;;
72;;"Ewa Maria GAWĘDA";"KOMITET WYBORCZY BEZPARTYJNI SAMORZĄDOWCY";"Kobieta";"fotograf";"Syrynia";"241507";"gm. Lubomia";"członek partii politycznej: Prawo i Sprawiedliwość";"";;;
72;;"Konrad Karol MAKAREWICZ";"KOMITET WYBORCZY KONFEDERACJA WOLNOŚĆ I NIEPODLEGŁOŚĆ";"Mężczyzna";"inżynier górnik-górnictwo podziemne";"Żory";"247901";"m. Żory";"członek partii politycznej: Nowa Nadzieja";"";;;
72;;"Adam Ferdynand PUSTELNIK";"KOMITET WYBORCZY ŚLONZOKI RAZEM";"Mężczyzna";"historyk";"Pawłowice";"241004";"gm. Pawłowice";"członek partii politycznej: Ślonzoki Razem";"";;;
72;;"Henryk Piotr SIEDLACZEK";"KOALICYJNY KOMITET WYBORCZY KOALICJA OBYWATELSKA PO .N IPL ZIELONI";"Mężczyzna";"nauczyciel";"Rudy";"241105";"gm. Kuźnia Raciborska";"nie należy do partii politycznej";"";;;
73;;"Andrzej Ryszard FOJCIK";"KOMITET WYBORCZY KONFEDERACJA WOLNOŚĆ I NIEPODLEGŁOŚĆ";"Mężczyzna";"lekarz";"Przegędza";"241201";"gm. Czerwionka-Leszczyny";"nie należy do partii politycznej";"";;;
73;;"Piotr Paweł MASŁOWSKI";"KOALICYJNY KOMITET WYBORCZY TRZECIA DROGA POLSKA 2050 SZYMONA HOŁOWNI - POLSKIE STRONNICTWO LUDOWE";"Mężczyzna";"pracownik samorządowy";"Rybnik";"247301";"m. Rybnik";"członek partii politycznej: Polska 2050 Szymona Hołowni";"";;;
73;;"Mirosław Jan MAŁEK";"KOMITET WYBORCZY POLSKA 2050";"Mężczyzna";"trener sportu";"Rybnik";"247301";"m. Rybnik";"nie należy do partii politycznej";"";;;
73;;"Wojciech Piotr PIECHA";"KOMITET WYBORCZY PRAWO I SPRAWIEDLIWOŚĆ";"Mężczyzna";"parlamentarzysta";"Rybnik";"247301";"m. Rybnik";"członek partii politycznej: Prawo i Sprawiedliwość";"";;;
74;;"Piotr Roman BECK";"KOMITET WYBORCZY KONFEDERACJA WOLNOŚĆ I NIEPODLEGŁOŚĆ";"Mężczyzna";"przedsiębiorca";"Świętochłowice";"247601";"m. Świętochłowice";"członek partii politycznej: Nowa Nadzieja";"";;;
74;;"Gabriela Anna MORAWSKA-STANECKA";"KOALICYJNY KOMITET WYBORCZY KOALICJA OBYWATELSKA PO .N IPL ZIELONI";"Kobieta";"adwokat";"Gostyń";"240805";"gm. Wyry";"nie należy do partii politycznej";"";;;
75;;"Piotr Franciszek CZARNYNOGA";"KOMITET WYBORCZY PRAWO I SPRAWIEDLIWOŚĆ";"Mężczyzna";"inżynier elektronik";"Bieruń";"241401";"m. Bieruń";"członek partii politycznej: Prawo i Sprawiedliwość";"";;;
75;;"Andrzej Józef DZIUBA";"KOMITET WYBORCZY WYBORCÓW ANDRZEJ DZIUBA - PAKT SENACKI";"Mężczyzna";"inżynier górnik";"Tychy";"247701";"m. Tychy";"nie należy do partii politycznej";"";;;
75;;"Mateusz Zbigniew OŻÓG";"KOMITET WYBORCZY KONFEDERACJA WOLNOŚĆ I NIEPODLEGŁOŚĆ";"Mężczyzna";"inżynier budowy dróg";"Bieruń";"241401";"m. Bieruń";"członek partii politycznej: Nowa Nadzieja";"";;;
76;;"Arkadiusz Jakub GRABOWSKI";"KOMITET WYBORCZY PRAWO I SPRAWIEDLIWOŚĆ";"Mężczyzna";"ekonomista";"Będzin";"240101";"m. Będzin";"członek partii politycznej: Prawo i Sprawiedliwość";"";;;
76;;"Beata Maria MAŁECKA-LIBERA";"KOALICYJNY KOMITET WYBORCZY KOALICJA OBYWATELSKA PO .N IPL ZIELONI";"Kobieta";"lekarz medycyny";"Dąbrowa Górnicza";"246501";"m. Dąbrowa Górnicza";"członek partii politycznej: Platforma Obywatelska RP";"";;;
76;;"Tomasz SZOTOWSKI";"KOMITET WYBORCZY BEZPARTYJNI SAMORZĄDOWCY";"Mężczyzna";"nauczyciel osób z niepełnosprawnością intelektualną";"Czeladź";"240102";"m. Czeladź";"nie należy do partii politycznej";"";;;
76;;"Krystian Zbigniew ŻELAZNY";"KOMITET WYBORCZY KONFEDERACJA WOLNOŚĆ I NIEPODLEGŁOŚĆ";"Mężczyzna";"przedsiębiorca";"Siewierz";"240107";"gm. Siewierz";"członek partii politycznej: Nowa Nadzieja";"";;;
77;;"Jacek Piotr DUDEK";"KOMITET WYBORCZY PRAWO I SPRAWIEDLIWOŚĆ";"Mężczyzna";"prawnik";"Sosnowiec";"247501";"m. Sosnowiec";"członek partii politycznej: Prawo i Sprawiedliwość";"";;;
77;;"Piotr HAŁASIK";"KOMITET WYBORCZY BEZPARTYJNI SAMORZĄDOWCY";"Mężczyzna";"ekonomista";"Sosnowiec";"247501";"m. Sosnowiec";"nie należy do partii politycznej";"";;;
77;;"Joanna SEKUŁA";"KOALICYJNY KOMITET WYBORCZY KOALICJA OBYWATELSKA PO .N IPL ZIELONI";"Kobieta";"inżynier mechanik";"Sosnowiec";"247501";"m. Sosnowiec";"członek partii politycznej: Platforma Obywatelska RP";"";;;
78;;"Jan Stanisław CHRZĄSZCZ";"KOMITET WYBORCZY PRAWO I SPRAWIEDLIWOŚĆ";"Mężczyzna";"manager";"Bielsko-Biała";"246101";"m. Bielsko-Biała";"członek partii politycznej: Prawo i Sprawiedliwość";"";;;
78;;"Cezary Józef CZAPIGA";"KOMITET WYBORCZY KONFEDERACJA WOLNOŚĆ I NIEPODLEGŁOŚĆ";"Mężczyzna";"przedsiębiorca";"Czechowice-Dziedzice";"240204";"gm. Czechowice-Dziedzice";"członek partii politycznej: Nowa Nadzieja";"";;;
78;;"Agnieszka Aleksandra GORGOŃ-KOMOR";"KOALICYJNY KOMITET WYBORCZY KOALICJA OBYWATELSKA PO .N IPL ZIELONI";"Kobieta";"senator rp";"Bielsko-Biała";"246101";"m. Bielsko-Biała";"członek partii politycznej: Platforma Obywatelska RP";"";;;
78;;"Monika Ewa SOCHA-CZYŻ";"KOMITET WYBORCZY ZJEDNOCZENIE CHRZEŚCIJAŃSKICH RODZIN";"Kobieta";"samorządowiec";"Widgiry";"281801";"gm. Banie Mazurskie";"członek partii politycznej: Zjednoczenie Chrześcijańskich Rodzin";"";;;
79;;"Daniel Krystian FLAKA";"KOMITET WYBORCZY KONFEDERACJA WOLNOŚĆ I NIEPODLEGŁOŚĆ";"Mężczyzna";"nauczyciel";"Koszarawa";"241705";"gm. Koszarawa";"członek partii politycznej: Ruch Narodowy";"";;;
79;;"Konrad Krzysztof GOŁOTA";"KOMITET WYBORCZY NOWA LEWICA";"Mężczyzna";"specjalista ds. stosunków międzynarodowych";"Cieszyn";"240301";"m. Cieszyn";"członek partii politycznej: Nowa Lewica";"";;;
79;;"Andrzej Jerzy KALATA";"KOMITET WYBORCZY PRAWO I SPRAWIEDLIWOŚĆ";"Mężczyzna";"samorządowiec";"Milówka";"241709";"gm. Milówka";"członek partii politycznej: Prawo i Sprawiedliwość";"";;;
79;;"Beata Maria MACURA";"KOMITET WYBORCZY BEZPARTYJNI SAMORZĄDOWCY";"Kobieta";"pracownik biurowy";"Skoczów";"240310";"gm. Skoczów";"nie należy do partii politycznej";"";;;
80;;"Maciej Kamil KOPIEC";"KOMITET WYBORCZY NOWA LEWICA";"Mężczyzna";"ekonomista";"Rybnik";"247301";"m. Rybnik";"członek partii politycznej: Nowa Lewica";"";;;
80;;"Jerzy MARKOWSKI";"KOMITET WYBORCZY WYBORCÓW JERZEGO MARKOWSKIEGO";"Mężczyzna";"inżynier górnik";"Gliwice";"246601";"m. Gliwice";"nie należy do partii politycznej";"";;;
80;;"Leszek Marian PIECHOTA";"KOMITET WYBORCZY PRAWO I SPRAWIEDLIWOŚĆ";"Mężczyzna";"inżynier elektryk";"Katowice";"246901";"m. Katowice";"członek partii politycznej: Prawo i Sprawiedliwość";"";;;
81;;"Edmund Andrzej KACZMAREK";"KOALICYJNY KOMITET WYBORCZY TRZECIA DROGA POLSKA 2050 SZYMONA HOŁOWNI - POLSKIE STRONNICTWO LUDOWE";"Mężczyzna";"zootechnik";"Oksa";"260205";"gm. Oksa";"członek partii politycznej: Polskie Stronnictwo Ludowe";"";;;
81;;"Jakub KOSIŃ";"KOMITET WYBORCZY BEZPARTYJNI SAMORZĄDOWCY";"Mężczyzna";"policjant";"Pińczów";"260804";"gm. Pińczów";"nie należy do partii politycznej";"";;;
81;;"Jerzy Mieczysław KUŁAGA";"KOMITET WYBORCZY ZJEDNOCZENIE CHRZEŚCIJAŃSKICH RODZIN";"Mężczyzna";"elektromonter maszyn i urządzeń";"Kije";"260802";"gm. Kije";"nie należy do partii politycznej";"";;;
81;;"Sławomir Aleksander SZAREK";"KOMITET WYBORCZY KONFEDERACJA WOLNOŚĆ I NIEPODLEGŁOŚĆ";"Mężczyzna";"informatyk";"Kielce";"266101";"m. Kielce";"członek partii politycznej: Ruch Narodowy";"";;;
81;;"Jacek Władysław WŁOSOWICZ";"KOMITET WYBORCZY PRAWO I SPRAWIEDLIWOŚĆ";"Mężczyzna";"polityk";"Bilcza";"260412";"gm. Morawica";"nie należy do partii politycznej";"";;;
82;;"Piotr Paris DASIOS";"KOALICYJNY KOMITET WYBORCZY TRZECIA DROGA POLSKA 2050 SZYMONA HOŁOWNI - POLSKIE STRONNICTWO LUDOWE";"Mężczyzna";"urzędnik samorządowy";"Ostrowiec Świętokrzyski";"260701";"m. Ostrowiec Świętokrzyski";"członek partii politycznej: Polska 2050 Szymona Hołowni";"";;;
82;;"Elżbieta Agnieszka KOMOSA";"KOMITET WYBORCZY RUCH NAPRAWY POLSKI";"Kobieta";"nauczyciel";"Radom";"146301";"m. Radom";"nie należy do partii politycznej";"";;;
82;;"Marek Jerzy MATEREK";"KOMITET WYBORCZY NOWA DEMOKRACJA - TAK";"Mężczyzna";"zarządca nieruchomości";"Starachowice";"261101";"m. Starachowice";"członek partii politycznej: Nowa Demokracja-Tak";"";;;
82;;"Jarosław RUSIECKI";"KOMITET WYBORCZY PRAWO I SPRAWIEDLIWOŚĆ";"Mężczyzna";"socjolog";"Ostrowiec Świętokrzyski";"260701";"m. Ostrowiec Świętokrzyski";"członek partii politycznej: Prawo i Sprawiedliwość";"";;;
82;;"Michał SOKOLNICKI";"KOMITET WYBORCZY KONFEDERACJA WOLNOŚĆ I NIEPODLEGŁOŚĆ";"Mężczyzna";"adwokat";"Starachowice";"261101";"m. Starachowice";"członek partii politycznej: Nowa Nadzieja";"";;;
83;;"Robert BIERNACKI";"KOMITET WYBORCZY POLSKA JEST JEDNA";"Mężczyzna";"pracownik samorządowy";"Kielce";"266101";"m. Kielce";"nie należy do partii politycznej";"";;;
83;;"Marcin Rafał BUGAJSKI";"KOMITET WYBORCZY WYBORCÓW BEZPARTYJNY ANTYSYSTEMOWY";"Mężczyzna";"politolog";"Miedziana Góra";"260410";"gm. Miedziana Góra";"nie należy do partii politycznej";"";;;
83;;"Henryk Mieczysław MILCARZ";"KOMITET WYBORCZY NOWA LEWICA";"Mężczyzna";"ekonomista";"Zabłocie";"260419";"gm. Zagnańsk";"członek partii politycznej: Nowa Lewica";"";;;
83;;"Andrzej RAK";"KOMITET WYBORCZY KONFEDERACJA WOLNOŚĆ I NIEPODLEGŁOŚĆ";"Mężczyzna";"przedsiębiorca";"Suchedniów";"261005";"gm. Suchedniów";"członek partii politycznej: Konfederacja Korony Polskiej";"";;;
83;;"Katarzyna Aleksandra SUCHAŃSKA";"KOMITET WYBORCZY BEZPARTYJNI SAMORZĄDOWCY";"Kobieta";"adwokat";"Kielce";"266101";"m. Kielce";"nie należy do partii politycznej";"";;;
83;;"Krzysztof Marek SŁOŃ";"KOMITET WYBORCZY PRAWO I SPRAWIEDLIWOŚĆ";"Mężczyzna";"inżynier budownictwa";"Kielce";"266101";"m. Kielce";"członek partii politycznej: Prawo i Sprawiedliwość";"";;;
84;;"Łukasz Szymon KOCHAN";"KOMITET WYBORCZY PRAWO I SPRAWIEDLIWOŚĆ";"Mężczyzna";"inżynier pożarnictwa";"Elbląg";"286101";"m. Elbląg";"nie należy do partii politycznej";"";;;
84;;"Justyna Joanna MASIEWICZ-GRODŹ";"KOMITET WYBORCZY ZJEDNOCZENIE CHRZEŚCIJAŃSKICH RODZIN";"Kobieta";"urzędnik";"Pieniężno";"280205";"gm. Pieniężno";"nie należy do partii politycznej";"";;;
84;;"Jerzy WCISŁA";"KOALICYJNY KOMITET WYBORCZY KOALICJA OBYWATELSKA PO .N IPL ZIELONI";"Mężczyzna";"polityk";"Elbląg";"286101";"m. Elbląg";"członek partii politycznej: Platforma Obywatelska RP";"";;;
85;;"Gustaw Marek BRZEZIN";"KOALICYJNY KOMITET WYBORCZY TRZECIA DROGA POLSKA 2050 SZYMONA HOŁOWNI - POLSKIE STRONNICTWO LUDOWE";"Mężczyzna";"urzędnik";"Ostróda";"281501";"m. Ostróda";"członek partii politycznej: Polskie Stronnictwo Ludowe";"";;;
85;;"Paweł DULSKI";"KOMITET WYBORCZY BEZPARTYJNI SAMORZĄDOWCY";"Mężczyzna";"prawnik";"Warszawa";"146505";"Mokotów";"członek partii politycznej: Bezpartyjni Samorządowcy";"";;;
85;;"Tomasz Kiejstut DĄBROWSKI";"KOMITET WYBORCZY WOLNOŚCIOWCY";"Mężczyzna";"magister administracji";"Lubajny";"281509";"gm. Ostróda";"członek partii politycznej: Wolnościowcy";"";;;
85;;"Michał FIAŁKOWSKI";"KOMITET WYBORCZY KONFEDERACJA WOLNOŚĆ I NIEPODLEGŁOŚĆ";"Mężczyzna";"mistrz ds. przewozowych";"Iława";"280701";"m. Iława";"członek partii politycznej: Ruch Narodowy";"";;;
85;;"Bogusława ORZECHOWSKA";"KOMITET WYBORCZY PRAWO I SPRAWIEDLIWOŚĆ";"Kobieta";"lekarz";"Ostróda";"281501";"m. Ostróda";"członek partii politycznej: Prawo i Sprawiedliwość";"";;;
86;;"Ewa Monika KALISZUK";"KOALICYJNY KOMITET WYBORCZY KOALICJA OBYWATELSKA PO .N IPL ZIELONI";"Kobieta";"nauczyciel";"Olsztyn";"286201";"m. Olsztyn";"członek partii politycznej: Platforma Obywatelska RP";"";;;
86;;"Anna Maria ORZECHOWSKA";"KOMITET WYBORCZY WOLNI I SOLIDARNI";"Kobieta";"technik architekt";"Olsztyn";"286201";"m. Olsztyn";"członek partii politycznej: Wolni i Solidarni";"";;;
86;;"Janusz PRUCNAL";"KOMITET WYBORCZY KONFEDERACJA WOLNOŚĆ I NIEPODLEGŁOŚĆ";"Mężczyzna";"architekt";"Olsztyn";"286201";"m. Olsztyn";"członek partii politycznej: Prawica Rzeczypospolitej";"";;;
86;;"Zbigniew PURPUROWICZ";"KOMITET WYBORCZY PRAWO I SPRAWIEDLIWOŚĆ";"Mężczyzna";"lekarz medycyny";"Olsztyn";"286201";"m. Olsztyn";"członek partii politycznej: Prawo i Sprawiedliwość";"";;;
86;;"Lidia Ewa STAROŃ";"KOMITET WYBORCZY WYBORCÓW LIDIA STAROŃ - ZAWSZE PO STRONIE LUDZI";"Kobieta";"senator RP";"Olsztyn";"286201";"m. Olsztyn";"nie należy do partii politycznej";"";;;
87;;"Mariola KOBUS";"KOMITET WYBORCZY BEZPARTYJNI SAMORZĄDOWCY";"Kobieta";"główny księgowy";"Kowalewo";"281601";"gm. Biała Piska";"nie należy do partii politycznej";"";;;
87;;"Małgorzata KOPICZKO";"KOMITET WYBORCZY PRAWO I SPRAWIEDLIWOŚĆ";"Kobieta";"nauczyciel";"Ełk";"280501";"m. Ełk";"członek partii politycznej: Prawo i Sprawiedliwość";"";;;
87;;"Jolanta PIOTROWSKA";"KOALICYJNY KOMITET WYBORCZY KOALICJA OBYWATELSKA PO .N IPL ZIELONI";"Kobieta";"ekonomista";"Giżycko";"280601";"m. Giżycko";"członek partii politycznej: Platforma Obywatelska RP";"";;;
87;;"Artur Zbigniew ZALEWSKI";"KOMITET WYBORCZY KONFEDERACJA WOLNOŚĆ I NIEPODLEGŁOŚĆ";"Mężczyzna";"lekarz";"Chruściele";"280502";"gm. Ełk";"nie należy do partii politycznej";"";;;
88;;"Józef KOŁOS";"KOMITET WYBORCZY KONFEDERACJA WOLNOŚĆ I NIEPODLEGŁOŚĆ";"Mężczyzna";"rolnik";"Kosztowo";"301908";"gm. Wyrzysk";"członek partii politycznej: Samoobrona";"";;;
88;;"Janusz KUBIAK";"KOMITET WYBORCZY PRAWO I SPRAWIEDLIWOŚĆ";"Mężczyzna";"adwokat";"Piła";"301901";"m. Piła";"członek partii politycznej: Prawo i Sprawiedliwość";"";;;
88;;"Justyna Agnieszka PRZYBYŁ";"KOMITET WYBORCZY NOWA DEMOKRACJA - TAK";"Kobieta";"emeryt";"Lubasz";"300205";"gm. Lubasz";"członek partii politycznej: Nowa Demokracja-Tak";"";;;
88;;"Adam Stanisław SZEJNFELD";"KOALICYJNY KOMITET WYBORCZY KOALICJA OBYWATELSKA PO .N IPL ZIELONI";"Mężczyzna";"prawnik";"Piła";"301901";"m. Piła";"członek partii politycznej: Platforma Obywatelska RP";"";;;
89;;"Jan Filip LIBICKI";"KOALICYJNY KOMITET WYBORCZY TRZECIA DROGA POLSKA 2050 SZYMONA HOŁOWNI - POLSKIE STRONNICTWO LUDOWE";"Mężczyzna";"parlamentarzysta";"Poznań";"306401";"m. Poznań";"członek partii politycznej: Polskie Stronnictwo Ludowe";"";;;
89;;"Danuta Maria NIJAKA";"KOMITET WYBORCZY PRAWO I SPRAWIEDLIWOŚĆ";"Kobieta";"urzędnik";"Grodzisk Wielkopolski";"300502";"gm. Grodzisk Wielkopolski";"członek partii politycznej: Prawo i Sprawiedliwość";"";;;
89;;"Ryszard OSZMIAN";"KOMITET WYBORCZY KONFEDERACJA WOLNOŚĆ I NIEPODLEGŁOŚĆ";"Mężczyzna";"mechanik budowy maszyn";"Poznań";"306401";"m. Poznań";"członek partii politycznej: Ruch Narodowy";"";;;
90;;"Dorota Elżbieta BAREŁKOWSKA";"KOMITET WYBORCZY PRAWO I SPRAWIEDLIWOŚĆ";"Kobieta";"przedsiębiorca";"Przeźmierowo";"302117";"gm. Tarnowo Podgórne";"członek partii politycznej: Prawo i Sprawiedliwość";"";;;
90;;"Waldy DZIKOWSKI";"KOALICYJNY KOMITET WYBORCZY KOALICJA OBYWATELSKA PO .N IPL ZIELONI";"Mężczyzna";"chemik";"Tarnowo Podgórne";"302117";"gm. Tarnowo Podgórne";"członek partii politycznej: Platforma Obywatelska RP";"";;;
91;;"Rafał Szymon GRUPIŃSKI";"KOALICYJNY KOMITET WYBORCZY KOALICJA OBYWATELSKA PO .N IPL ZIELONI";"Mężczyzna";"historyk kultury";"Poznań";"306401";"m. Poznań";"członek partii politycznej: Platforma Obywatelska RP";"";;;
91;;"Ewa Anna JEMIELITY";"KOMITET WYBORCZY PRAWO I SPRAWIEDLIWOŚĆ";"Kobieta";"wykładowca języka angielskiego";"Poznań";"306401";"m. Poznań";"członek partii politycznej: Prawo i Sprawiedliwość";"";;;
92;;"Grzegorz FEDOROWICZ";"KOALICYJNY KOMITET WYBORCZY TRZECIA DROGA POLSKA 2050 SZYMONA HOŁOWNI - POLSKIE STRONNICTWO LUDOWE";"Mężczyzna";"nauczyciel";"Gozdowo";"303005";"gm. Września";"członek partii politycznej: Polska 2050 Szymona Hołowni";"";;;
92;;"Michał Aleksander JURGA";"KOMITET WYBORCZY KONFEDERACJA WOLNOŚĆ I NIEPODLEGŁOŚĆ";"Mężczyzna";"przedsiębiorca";"Środa Wielkopolska";"302504";"gm. Środa Wielkopolska";"nie należy do partii politycznej";"";;;
92;;"Krzysztof Jan OSTROWSKI";"KOMITET WYBORCZY PRAWO I SPRAWIEDLIWOŚĆ";"Mężczyzna";"lekarz - specjalista chorób wewnętrznych";"Skiereszewo";"300303";"gm. Gniezno";"członek partii politycznej: Prawo i Sprawiedliwość";"";;;
92;;"Mirosław PIASECKI";"KOMITET WYBORCZY WYBORCÓW MIROSŁAWA PIASECKIEGO KANDYDATA NA SENATORA RZECZYPOSPOLITEJ POLSKIEJ";"Mężczyzna";"przedsiębiorca";"Luciny";"302604";"gm. Śrem";"nie należy do partii politycznej";"";;;
92;;"Dawid Krzysztof PRZYBYLSKI";"KOMITET WYBORCZY WYBORCÓW RUCHU DOBROBYTU I POKOJU";"Mężczyzna";"pedagog specjalizacja resocjalizacja";"Jarosławiec";"302504";"gm. Środa Wielkopolska";"nie należy do partii politycznej";"";;;
93;;"Barbara BILSKA";"KOMITET WYBORCZY KONFEDERACJA WOLNOŚĆ I NIEPODLEGŁOŚĆ";"Kobieta";"nauczyciel";"Kłodawa";"300906";"gm. Kłodawa";"członek partii politycznej: Ruch Narodowy";"";;;
93;;"Leszek Ryszard GALEMBA";"KOMITET WYBORCZY PRAWO I SPRAWIEDLIWOŚĆ";"Mężczyzna";"poseł na sejm rp";"Kiełczew Smużny Czwarty";"300907";"gm. Koło";"członek partii politycznej: Prawo i Sprawiedliwość";"";;;
93;;"Krystian Piotr KRAWCZYK";"KOMITET WYBORCZY BEZPARTYJNI SAMORZĄDOWCY";"Mężczyzna";"geodeta";"Kowale Pańskie - Kolonia";"302704";"gm. Kawęczyn";"nie należy do partii politycznej";"";;;
93;;"Anna MAJDA";"KOALICYJNY KOMITET WYBORCZY TRZECIA DROGA POLSKA 2050 SZYMONA HOŁOWNI - POLSKIE STRONNICTWO LUDOWE";"Kobieta";"lekarz";"Kawęczyn";"302704";"gm. Kawęczyn";"nie należy do partii politycznej";"";;;
94;;"Adam Mieczysław GBIORCZYK";"KOMITET WYBORCZY KONFEDERACJA WOLNOŚĆ I NIEPODLEGŁOŚĆ";"Mężczyzna";"dziennikarz";"Leszno";"306301";"m. Leszno";"członek partii politycznej: Nowa Nadzieja";"";;;
94;;"Sławomir Marcin KRYJOM";"KOMITET WYBORCZY BEZPARTYJNI SAMORZĄDOWCY";"Mężczyzna";"pracownik samorządowy";"Leszno";"306301";"m. Leszno";"nie należy do partii politycznej";"";;;
94;;"Dorota SŁOWIŃSKA";"KOMITET WYBORCZY PRAWO I SPRAWIEDLIWOŚĆ";"Kobieta";"nauczyciel";"Jerka";"301104";"gm. Krzywiń";"członek partii politycznej: Prawo i Sprawiedliwość";"";;;
94;;"Wojciech Stanisław ZIEMNIAK";"KOALICYJNY KOMITET WYBORCZY KOALICJA OBYWATELSKA PO .N IPL ZIELONI";"Mężczyzna";"nauczyciel";"Kościan";"301101";"m. Kościan";"członek partii politycznej: Platforma Obywatelska RP";"";;;
95;;"Ewa Jolanta MATECKA";"KOALICYJNY KOMITET WYBORCZY KOALICJA OBYWATELSKA PO .N IPL ZIELONI";"Kobieta";"archeolog";"Ostrów Wielkopolski";"301701";"m. Ostrów Wielkopolski";"członek partii politycznej: Platforma Obywatelska RP";"";;;
95;;"Manuela Anna MICHALAK";"KOMITET WYBORCZY BEZPARTYJNI SAMORZĄDOWCY";"Kobieta";"przedsiębiorca";"Luboń";"302101";"m. Luboń";"nie należy do partii politycznej";"";;;
95;;"Łukasz MIKOŁAJCZYK";"KOMITET WYBORCZY PRAWO I SPRAWIEDLIWOŚĆ";"Mężczyzna";"nauczyciel";"Ostrów Wielkopolski";"301701";"m. Ostrów Wielkopolski";"członek partii politycznej: Prawo i Sprawiedliwość";"";;;
95;;"Piotr PIECHOWIAK";"KOMITET WYBORCZY KONFEDERACJA WOLNOŚĆ I NIEPODLEGŁOŚĆ";"Mężczyzna";"przedsiębiorca";"Gorzyce Wielkie";"301704";"gm. Ostrów Wielkopolski";"członek partii politycznej: Ruch Narodowy";"";;;
96;;"Dawid BOROWIAK";"KOMITET WYBORCZY WYBORCÓW NIEZALEŻNY KANDYDAT DAWID BOROWIAK";"Mężczyzna";"przedsiębiorca";"Kalisz";"306101";"m. Kalisz";"nie należy do partii politycznej";"";;;
96;;"Urszula JANCZAR";"KOMITET WYBORCZY BEZPARTYJNI SAMORZĄDOWCY";"Kobieta";"dyrektor szkoły";"Żerniki";"300701";"gm. Blizanów";"nie należy do partii politycznej";"";;;
96;;"Zdzisław Kazimierz JANKOWSKI";"KOMITET WYBORCZY NORMALNY KRAJ";"Mężczyzna";"emeryt";"Rychwał";"301007";"gm. Rychwał";"członek partii politycznej: Samoobrona RP";"";;;
96;;"Janusz Andrzej PĘCHERZ";"KOALICYJNY KOMITET WYBORCZY KOALICJA OBYWATELSKA PO .N IPL ZIELONI";"Mężczyzna";"nauczyciel akademicki";"Kościelna Wieś";"302005";"gm. Gołuchów";"nie należy do partii politycznej";"";;;
96;;"Arkadiusz Stefan RATAJCZYK";"KOMITET WYBORCZY KONFEDERACJA WOLNOŚĆ I NIEPODLEGŁOŚĆ";"Mężczyzna";"chemik";"Kalisz";"306101";"m. Kalisz";"członek partii politycznej: Nowa Nadzieja";"";;;
96;;"Grzegorz Marcin SAPIŃSKI";"KOMITET WYBORCZY WYBORCÓW WIELKOPOLSKA INICJATYWA SENACKA";"Mężczyzna";"psycholog";"Kalisz";"306101";"m. Kalisz";"nie należy do partii politycznej";"";;;
96;;"Andrzej Franciszek WOJTYŁA";"KOMITET WYBORCZY PRAWO I SPRAWIEDLIWOŚĆ";"Mężczyzna";"lekarz";"Pawłówek";"300701";"gm. Blizanów";"członek partii politycznej: Partia Republikańska";"";;;
97;;"Tomasz Paweł GRODZKI";"KOALICYJNY KOMITET WYBORCZY KOALICJA OBYWATELSKA PO .N IPL ZIELONI";"Mężczyzna";"lekarz specjalista chirurgii klatki piersiowej i transplantologii";"Szczecin";"326201";"m. Szczecin";"członek partii politycznej: Platforma Obywatelska RP";"";;;
97;;"Agnieszka KURZAWA";"KOMITET WYBORCZY PRAWO I SPRAWIEDLIWOŚĆ";"Kobieta";"przedstawiciel władzy samorządowej";"Szczecin";"326201";"m. Szczecin";"członek partii politycznej: Prawo i Sprawiedliwość";"";;;
98;;"Magdalena Maria KOCHAN";"KOALICYJNY KOMITET WYBORCZY KOALICJA OBYWATELSKA PO .N IPL ZIELONI";"Kobieta";"parlamentarzysta";"Żółwia";"320402";"gm. Goleniów";"członek partii politycznej: Platforma Obywatelska RP";"";;;
98;;"Halina Barbara SZYMAŃSKA";"KOMITET WYBORCZY PRAWO I SPRAWIEDLIWOŚĆ";"Kobieta";"lekarz weterynarii";"Łobez";"321802";"gm. Łobez";"członek partii politycznej: Prawo i Sprawiedliwość";"";;;
99;;"Barbara Maria AŚCIUKIEWICZ";"KOMITET WYBORCZY PRAWO I SPRAWIEDLIWOŚĆ";"Kobieta";"nauczyciel";"Kołobrzeg";"320801";"m. Kołobrzeg";"członek partii politycznej: Prawo i Sprawiedliwość";"";;;
99;;"Janusz GROMEK";"KOALICYJNY KOMITET WYBORCZY KOALICJA OBYWATELSKA PO .N IPL ZIELONI";"Mężczyzna";"parlamentarzysta";"Kołobrzeg";"320801";"m. Kołobrzeg";"członek partii politycznej: Platforma Obywatelska RP";"";;;
99;;"Mariusz NAGÓRSKI";"KOMITET WYBORCZY KONFEDERACJA WOLNOŚĆ I NIEPODLEGŁOŚĆ";"Mężczyzna";"Pedagog";"Drawsko Pomorskie";"320302";"gm. Drawsko Pomorskie";"członek partii politycznej: Konfederacja Ruch Narodowy";"";;;
100;;"Stanisław GAWŁOWSKI";"KOALICYJNY KOMITET WYBORCZY KOALICJA OBYWATELSKA PO .N IPL ZIELONI";"Mężczyzna";"parlamentarzysta";"Koszalin";"326101";"m. Koszalin";"członek partii politycznej: Platforma Obywatelska RP";"";;;
100;;"Andrzej Stanisław JAKUBOWSKI";"KOMITET WYBORCZY PRAWO I SPRAWIEDLIWOŚĆ";"Mężczyzna";"inżynier technolog";"Koszalin";"326101";"m. Koszalin";"nie należy do partii politycznej";"";;;
100;;"Jan KURIATA";"KOMITET WYBORCZY WYBORCÓW TAK DLA SENATU RP JAN KURIATA";"Mężczyzna";"nauczyciel akademicki";"Koszalin";"326101";"m. Koszalin";"nie należy do partii politycznej";"";;;
100;;"Iwona Barbara MALISZEWSKA";"KOMITET WYBORCZY BEZPARTYJNI SAMORZĄDOWCY";"Kobieta";"inżynier ochrony środowiska";"Chociwle";"320903";"gm. Bobolice";"nie należy do partii politycznej";"";;;
100;;"Marcin Przemysław SYCHOWSKI";"KOMITET WYBORCZY KONFEDERACJA WOLNOŚĆ I NIEPODLEGŁOŚĆ";"Mężczyzna";"radca prawny";"Koszalin";"326101";"m. Koszalin";"nie należy do partii politycznej";"";;;
100;;"Marek Adam ŁAGOCKI";"KOMITET WYBORCZY WYBORCÓW PAKT SENAT DLA OBYWATELI";"Mężczyzna";"redaktor";"Koszalin";"326101";"m. Koszalin";"nie należy do partii politycznej";"";;;
